Entry ID,Date,Year,State,Local Government Area,Cases,Deaths,CFR (%),Population,"Cases/100,000","Deaths/100,000"
NGA71-3-1-1,1 Mar,1971,Kaduna,,131,3,2.290,"57,296,983",0.2286,0.0052
NGA82-4-1-1,1 Apr,1982,Katsina,,662,51,7.704,"77,427,546",0.8550,0.0659
NGA87-9-1-1,1 Sep,1987,,,,38,,"88,048,032",,0.0432
NGA91-1-21-1,2 Jan,1991,,,588,,,"97,667,632",0.6020,
NGA91-1-21-1,2 Jan,1991,Akwa Ibom ,Uyo,,,,,,
NGA91-1-21-1,2 Jan,1991,Cross River,Calabar,,,,,,
NGA91-5-6-1,6 May,1991,,,"10,000","7,289",72.890,"97,667,632",10.2388,7.4631
NGA91-5-6-1,6 May,1991,Kaduna,,,,,,,
NGA91-5-6-1,6 May,1991,Bauchi,,,,,,,
NGA91-12-31-1,31 Dec,1991,,,"59,478","7,654",12.869,"97,667,632",60.8984,7.8368
NGA92-2-1-1,1 Feb,1992,Cross River,,,100,,"100,161,710",,0.0998
NGA96-1-1-1,1 Jan,1996,Oyo,Ibadan,"1,384",92,6.647,"110,668,794",1.2506,0.0831
NGA96-2-19-1,19 Feb,1996,,,"12,374","1,193",9.641,"110,668,794",11.1811,1.0780
NGA96-2-19-1,19 Feb,1996,Borno,,,,,,,
NGA96-2-19-1,19 Feb,1996,Kano,,,,,,,
NGA96-2-19-1,19 Feb,1996,Kebbi,,,,,,,
NGA96-2-19-1,19 Feb,1996,Oyo,,,,,,,
NGA96-2-19-1,19 Feb,1996,Niger,,,,,,,
NGA96-2-19-1,19 Feb,1996,Taraba,,,,,,,
NGA96-2-19-1,19 Feb,1996,Yobe,,,,,,,
NGA96-3-1-1,1 Mar,1996,,,"1,487",99,6.658,"110,668,794",1.3436,0.0895
NGA96-3-1-2,1 Mar,1996,,,"1,000",15,1.500,"110,668,794",0.9036,0.0136
NGA96-3-1-2,1 Mar,1996,Kano,,,,,,,
NGA96-3-1-2,1 Mar,1996,Kwara,,,,,,,
NGA96-3-1-2,1 Mar,1996,Ondo,,,,,,,
NGA96-3-1-2,1 Mar,1996,Oyo ,,,,,,,
NGA96-3-6-1,6 Mar,1996,,,"2,662",288,10.819,"110,668,794",2.4054,0.2602
NGA96-3-6-1,6 Mar,1996,Kano,,"1,871",107,5.719,"110,668,794",1.6906,0.0967
NGA96-3-6-1,6 Mar,1996,Kwara,,272,77,28.309,"110,668,794",0.2458,0.0696
NGA96-3-6-1,6 Mar,1996,Niger,,304,97,31.908,"110,668,794",0.2747,0.0876
NGA96-3-6-1,6 Mar,1996,Ondo,,,,,,,
NGA96-3-6-1,6 Mar,1996,Oyo ,,215,7,3.256,"110,668,794",0.1943,0.0063
NGA96-3-7-1,7 Mar,1996,,,"2,836",299,10.543,"110,668,794",2.5626,0.2702
NGA96-3-15-1,15 Mar,1996,,,"6,117",487,7.961,"110,668,794",5.5273,0.4401
NGA96-3-15-1,15 Mar,1996,Kano,,"4,388",150,3.418,"110,668,794",3.9650,0.1355
NGA96-3-15-1,15 Mar,1996,Kaduna,,11,3,27.273,"110,668,794",0.0099,0.0027
NGA96-3-15-1,15 Mar,1996,Kebbi,,525,122,23.238,"110,668,794",0.4744,0.1102
NGA96-3-15-1,15 Mar,1996,Kwara,,272,72,26.471,"110,668,794",0.2458,0.0651
NGA96-3-15-1,15 Mar,1996,Niger,,304,97,31.908,"110,668,794",0.2747,0.0876
NGA96-3-16-1,16 Mar,1996,Kano,,"5,600",340,6.071,"110,668,794",5.0601,0.3072
NGA99-3-24-1,24 Mar,1999,,,"1,122",89,7.932,"199,260,063",0.5631,0.0447
NGA99-3-24-1,24 Mar,1999,Kano,,,,,,,
NGA99-3-24-1,24 Mar,1999,Adamawa,,,,,,,
NGA99-3-24-1,24 Mar,1999,Edo,,,,,,,
NGA99-5-12-1,12 May,1999,Kano,,815,28,3.436,"199,260,063",0.4090,0.0141
NGA99-5-12-2,12 May,1999,Kano,Tofa ,182,19,10.440,"199,260,063",0.0913,0.0095
NGA99-5-12-3,12 May,1999,Adamawa ,,76,18,23.684,"199,260,063",0.0381,0.0090
NGA99-5-12-4,12 May,1999,Edo,,49,24,48.980,"199,260,063",0.0246,0.0120
NGA99-6-1-1,1 Jul,1999,Enugu,,119,25,21.008,"199,260,063",0.0597,0.0125
NGA00-5-1-1,1 May,2000,Kano,,"1,215",27,2.222,"122,283,850",0.9936,0.0221
NGA01-11-27-1,27 Nov,2001,,,724,52,7.182,"125,394,046",0.5774,0.0415
NGA01-11-27-1,27 Nov,2001,Akwa Ibom,,25,8,32.000,"125,394,046",0.0199,0.0064
NGA01-11-27-1,27 Nov,2001,Kwara,,124,16,12.903,"125,394,046",0.0989,0.0128
NGA01-11-27-1,27 Nov,2001,Kano,,575,28,4.870,"125,394,046",0.4586,0.0223
NGA01-11-14-1,14 Nov,2001,,,"2,170",80,3.687,"125,394,046",1.7305,0.0638
NGA01-11-14-1,14 Nov,2001,Kano,,,,,,,
NGA01-11-14-1,14 Nov,2001,Akwa Ibom,,,,,,,
NGA01-11-14-1,14 Nov,2001,Kwara,,,,,,,
NGA01-11-14-1,14 Nov,2001,Jigawa,,,,,,,
NGA01-12-3-1,3 Dec,2001,Kano,,"2,050",80,3.902,"125,394,046",1.6348,0.0638
NGA01-12-3-2,3 Dec,2001,Jigawa,,120,,0.000,"125,394,046",0.0957,
NGA02-11-21-1,21 Nov,2002,Kano,,164,12,7.317,"128,596,076",0.1275,0.0093
NGA04-11-15-1,15 Nov,2004,,,"1,316",76,5.775,"135,320,422",0.9725,0.0562
NGA04-11-15-1,15 Nov,2004,Kano,,,,,,,
NGA04-11-15-1,15 Nov,2004,Jigawa,,,,,,,
NGA04-11-16-1,16 Nov,2004,Edo,,300,50,16.667,"135,320,422",0.2217,0.0369
NGA04-12-3-1,3 Dec,2004,,,"1,616",126,7.797,"135,320,422",1.1942,0.0931
NGA04-12-3-1,3 Dec,2004,Kano,,"1,316",76,5.775,"135,320,422",0.9725,0.0562
NGA04-12-3-1,3 Dec,2004,Edo,,300,50,16.667,"135,320,422",0.2217,0.0369
NGA05-5-16-1,16 May,2005,Borno,Ngala,98,12,12.245,"138,865,016",0.0706,0.0086
NGA08-3-1-1,1 Mar,2008,Benue,Madurdi,,35,,"150,269,623",,0.0233
NGA08-3-1-1,1 Mar,2008,Benue,Oturkpo,,,,,,
NGA08-7-16-1,16 Jul,2008,Kaduna,Zaria,30,6,20.000,"150,269,623",0.0200,0.0040
NGA08-9-1-1,1 Sep,2008,,,,97,,"150,269,623",,0.0646
NGA08-9-1-1,1 Sep,2008,Katsina,,,,,,,
NGA08-9-1-1,1 Sep,2008,Zamfara,,,,,,,
NGA08-9-1-1,1 Sep,2008,Bauchi,,,,,,,
NGA08-9-1-1,1 Sep,2008,Kano,,,,,,,
NGA08-9-26-1,26 Sep,2008,Zamfara,Asako,100,18,18.000,"150,269,623",0.0665,0.0120
NGA08-9-26-1,26 Sep,2008,,Bungudu,,,,,,
NGA09-6-1-1,1 Jun,2009,Adamawa,,,20,,"154,324,933",,0.0130
NGA09-9-30-1,30 Sep,2009,Jigawa,,400,88,22.000,"154,324,933",0.2592,0.0570
NGA09-10-1-1,1 Oct,2009,Borno,Gwoza,24,4,16.667,"154,324,933",0.0156,0.0026
NGA09-10-16-1,16 Oct,2009,Borno,,1335,149,11.161,"154,324,933",0.8651,0.0965
NGA09-10-16-1,16 Oct,2009,Adamawa,,1000,77,7.700,"154,324,933",0.6480,0.0499
NGA09-10-16-1,16 Oct,2009,Jigawa,,400,11,2.750,"154,324,933",0.2592,0.0071
NGA09-10-16-1,16 Oct,2009,Taraba,,120,9,7.500,"154,324,933",0.0778,0.0058
NGA09-10-23-1,23 Oct,2009,Borno,,,70,,"154,324,933",,0.0454
NGA09-10-24-1,24 Oct,2009,Adamawa,Michika,,20,,"154,324,933",,0.0130
NGA09-11-4-1,4 Nov,2009,Adamawa,,200,20,10.000,"154,324,933",0.1296,0.0130
NGA09-11-20-1,20 Nov,2009,Borno,Taraba,,9,,"154,324,933",,0.0058
NGA10-1-1-1,1 Jan,2010,,,"44,456","1,734",3.900,"158,503,197",28.0474,1.0940
NGA10-1-1-1,1 Jan,2010,Adamawa,,"2,004",123,6.138,"158,503,197",1.2643,0.0776
NGA10-1-1-1,1 Jan,2010,Bauchi,,"4,660",151,3.240,"158,503,197",2.9400,0.0953
NGA10-1-1-1,1 Jan,2010,Borno,,"2,616",30,1.147,"158,503,197",1.6504,0.0189
NGA10-1-1-1,1 Jan,2010,Gombe,,"1,089",151,13.866,"158,503,197",0.6871,0.0953
NGA10-1-1-1,1 Jan,2010,Jigawa,,741,35,4.723,"158,503,197",0.4675,0.0221
NGA10-1-1-1,1 Jan,2010,Kaduna,,778,40,5.141,"158,503,197",0.4908,0.0252
NGA10-1-1-1,1 Jan,2010,Katsina,,"5,704",200,3.506,"158,503,197",3.5987,0.1262
NGA10-1-1-1,1 Jan,2010,Sokoto,,248,22,8.871,"158,503,197",0.1565,0.0139
NGA10-1-1-1,1 Jan,2010,Taraba,,536,37,6.903,"158,503,197",0.3382,0.0233
NGA10-1-1-1,1 Jan,2010,Yobe,,"2,735",136,4.973,"158,503,197",1.7255,0.0858
NGA10-1-4-1,4 Jan,2010,,,"29,115","1,191",4.091,"158,503,197",18.3687,0.7514
NGA10-5-1-1,1 May,2010,,,,,,,,
NGA10-5-1-1,1 May,2010,Bauchi,,73,,,"158,503,197",0.0461,
NGA10-5-1-1,1 May,2010,Gombe,,"1,998",113,5.656,"158,503,197",1.2605,0.0713
NGA10-5-1-1,1 May,2010,Gombe,Akko,266,14,5.263,"158,503,197",0.1678,0.0088
NGA10-5-1-1,1 May,2010,Gombe,Balanga,608,23,3.783,"158,503,197",0.3836,0.0145
NGA10-5-1-1,1 May,2010,Gombe,Billiri,11,2,18.182,"158,503,197",0.0069,0.0013
NGA10-5-1-1,1 May,2010,Gombe,Gombe,152,44,28.947,"158,503,197",0.0959,0.0278
NGA10-5-1-1,1 May,2010,Gombe,Kaltungo,84,7,8.333,"158,503,197",0.0530,0.0044
NGA10-5-1-1,1 May,2010,Gombe,Kwami,5,1,20.000,"158,503,197",0.0032,0.0006
NGA10-5-1-1,1 May,2010,Gombe,Nafada,8,1,12.500,"158,503,197",0.0050,0.0006
NGA10-5-1-1,1 May,2010,Gombe,Shongom,10,2,20.000,"158,503,197",0.0063,0.0013
NGA10-5-1-1,1 May,2010,Gombe,Yamaltu/Deba,254,19,7.480,"158,503,197",0.1602,0.0120
NGA10-5-24-1,24 May,2010,Federal Capital Territory ,Gwagwalada,118,6,5.085,"158,503,197",0.0744,0.0038
NGA10-6-18-1,18 Jun,2010,Rivers,,78,6,7.692,"158,503,197",0.0492,0.0038
NGA10-6-21-1,21 Jun,2010,Adamawa,,86,21,24.419,"158,503,197",0.0543,0.0132
NGA10-7-1-1,1 Jul,2010,Bauchi,,"3,300",,,"158,503,197",2.0820,
NGA10-7-1-1,1 Jul,2010,Borno,Maiduguri,300,7,2.333,"158,503,197",0.1893,0.0044
NGA10-7-1-1,1 Jul,2010,Zamfara,,"1,000",100,10.000,"158,503,197",0.6309,0.0631
NGA10-7-23-1,23 Jul,2010,,,"41,787","1,716",4.107,"158,503,197",26.3635,1.0826
NGA10-7-23-1,23 Jul,2010,Borno,,,,,,,
NGA10-7-23-1,23 Jul,2010,Bauchi,,,,,,,
NGA10-7-23-1,23 Jul,2010,Jigawa,,,,,,,
NGA10-7-23-1,23 Jul,2010,Rivers,,,,,,,
NGA10-7-23-1,23 Jul,2010,Cross River,,,,,,,
NGA10-7-23-1,23 Jul,2010,Taraba,,,,,,,
NGA10-7-23-1,23 Jul,2010,Kaduna,,,,,,,
NGA10-7-23-1,23 Jul,2010,Adamawa,,,,,,,
NGA10-7-23-1,23 Jul,2010,Gombe,,,,,,,
NGA10-7-23-1,23 Jul,2010,Katsina,,,,,,,
NGA10-7-23-1,23 Jul,2010,Yobe,,,,,,,
NGA10-7-28-1,28 Jul,2010,Bauchi,,160,6,3.750,"158,503,197",0.1009,0.0038
NGA10-8-12-1,12 Aug,2010,Borno,,115,40,34.783,"158,503,197",0.0726,0.0252
NGA10-8-12-2,12 Aug,2010,Borno,,25,50,,"158,503,197",0.0158,0.0315
NGA10-8-15-1,15 Aug,2010,Bauchi,,777,31,3.990,"158,503,197",0.4902,0.0196
NGA10-8-16-1,16 Aug,2010,,,"1,315",87,6.616,"158,503,197",0.8296,0.0549
NGA10-8-16-1,16 Aug,2010,Borno,,115,40,34.783,"158,503,197",0.0726,0.0252
NGA10-8-16-1,16 Aug,2010,Bauchi,,"1,200",47,3.917,"158,503,197",0.7571,0.0297
NGA10-8-17-1,17 Aug,2010,,,"1,742",67,,"158,503,197",1.0990,0.0423
NGA10-8-17-1,17 Aug,2010,Borno,Maiduguri,,,,,,
NGA10-8-17-1,17 Aug,2010,Bauchi,,1368,31,2.266,"158,503,197",0.8631,0.0196
NGA10-8-17-1,17 Aug,2010,Bauchi,Ganjuwa,284,20,7.042,"158,503,197",0.1792,0.0126
NGA10-8-18-1,18 Aug,2010,Bauchi,,"1,700",67,3.941,"158,503,197",1.0725,0.0423
NGA10-8-19-1,19 Aug,2010,,,"4,665",231,4.952,"158,503,197",2.9432,0.1457
NGA10-8-19-1,19 Aug,2010,Borno,,,,,,,
NGA10-8-19-1,19 Aug,2010,Bauchi,,,,,,,
NGA10-8-20-1,20 Aug,2010,,,837,30,3.584,"158,503,197",0.5281,0.0189
NGA10-8-21-1,21 Aug,2010,Adamawa,,139,15,10.791,"158,503,197",0.0877,0.0095
NGA10-8-23-1,23 Aug,2010,,,"5,329",129,2.421,"158,503,197",3.3621,0.0814
NGA10-8-23-1,23 Aug,2010,Bauchi,,,,,,,
NGA10-8-23-1,23 Aug,2010,Borno,,,,,,,
NGA10-8-24-1,24 Aug,2010,,,"5,000",283,5.660,"158,503,197",3.1545,0.1785
NGA10-8-24-1,24 Aug,2010,Yobe,,443,42,9.481,"158,503,197",0.2795,0.0265
NGA10-8-24-1,24 Aug,2010,Katsina,,50,6,12.000,"158,503,197",0.0315,0.0038
NGA10-8-25-1,25 Aug,2010,,,"6,347",352,5.546,"158,503,197",4.0043,0.2221
NGA10-8-25-1,25 Aug,2010,Bauchi,,,,,,,
NGA10-8-25-1,25 Aug,2010,Borno,,,,,,,
NGA10-8-27-1,27 Aug,2010,Adamawa,,"1,200",100,8.333,"158,503,197",0.7571,0.0631
NGA10-8-27-1,27 Aug,2010,,Sukur,,,,,,
NGA10-8-27-1,27 Aug,2010,,Pallam,,,,,,
NGA10-8-27-1,27 Aug,2010,,Suhu,,,,,,
NGA10-8-27-1,27 Aug,2010,,Belbel,,,,,,
NGA10-8-27-1,27 Aug,2010,,Girjiya,,,,,,
NGA10-8-27-1,27 Aug,2010,,Gulak,,,,,,
NGA10-8-27-1,27 Aug,2010,,Shuwa,,,,,,
NGA10-8-27-1,27 Aug,2010,,Hyambula,,,,,,
NGA10-8-30-1,30 Aug,2010,,,"10,134",,,"158,503,197",6.3936,
NGA10-8-30-1,30 Aug,2010,Bauchi,,"2,417",72,2.979,"158,503,197",1.5249,0.0454
NGA10-8-30-1,30 Aug,2010,Borno,,"2,617",162,6.190,"158,503,197",1.6511,0.1022
NGA10-9-1-1,1 Sep,2010,,,"16,487",800,4.852,"158,503,197",10.4017,0.5047
NGA10-9-2-1,2 Sep,2010,Zamfara,,54,7,12.963,"158,503,197",0.0341,0.0044
NGA10-9-2-1,2 Sep,2010,,Bungudu,,,,,,
NGA10-9-2-1,2 Sep,2010,,Gus,,,,,,
NGA10-9-2-1,2 Sep,2010,,Maradun,,,,,,
NGA10-9-2-1,2 Sep,2010,,Shinkafi,,,,,,
NGA10-9-2-1,2 Sep,2010,,Zurmi,,,,,,
NGA10-9-3-1,3 Sep,2010,Jigawa,Bashuri,181,11,6.077,"158,503,197",0.1142,0.0069
NGA10-9-5-1,5 Sep,2010,Gombe,,735,233,31.701,"158,503,197",0.4637,0.1470
NGA10-9-6-1,6 Sep,2010,Jigawa,,100,5,5.000,"158,503,197",0.0631,0.0032
NGA10-9-6-1,6 Sep,2010,,Buji,,,,,,
NGA10-9-6-1,6 Sep,2010,,Gwaram,,,,,,
NGA10-9-7-1,7 Sep,2010,Federal Capital Territory ,Abuja,137,2,1.460,"158,503,197",0.0864,0.0013
NGA10-9-8-1,8 Sep,2010,,,"13,000",781,6.008,"158,503,197",8.2017,0.4927
NGA10-9-8-1,8 Sep,2010,Bauchi,,,,,,,
NGA10-9-8-1,8 Sep,2010,Borno,,,,,,,
NGA10-9-8-1,8 Sep,2010,Adamawa,,,,,,,
NGA10-9-8-1,8 Sep,2010,Gombe,,,,,,,
NGA10-9-8-1,8 Sep,2010,Yobe,,,,,,,
NGA10-9-8-1,8 Sep,2010,Taraba,,,,,,,
NGA10-9-8-1,8 Sep,2010,Jigawa,,,,,,,
NGA10-9-8-1,8 Sep,2010,Kaduna,,,,,,,
NGA10-9-8-1,8 Sep,2010,Katsina,,,,,,,
NGA10-9-8-1,8 Sep,2010,Zamfara,,,,,,,
NGA10-9-8-1,8 Sep,2010,Sokoto,,,,,,,
NGA10-9-12-1,12 Sep,2010,,,,800,,"158,503,197",,0.5047
NGA10-9-16-1,16 Sep,2010,Katsina,Safana,,15,,"158,503,197",,0.0095
NGA10-9-17-1,17 Sep,2010,Jigawa,,86,52,60.465,"158,503,197",0.0543,0.0328
NGA10-9-17-1,17 Sep,2010,Bauchi,,"1,725",53,3.072,"158,503,197",1.0883,0.0334
NGA10-9-17-1,17 Sep,2010,Borno,,"1,090",80,7.339,"158,503,197",0.6877,0.0505
NGA10-9-17-1,17 Sep,2010,Adamawa,,986,56,5.680,"158,503,197",0.6221,0.0353
NGA10-9-17-1,17 Sep,2010,Yobe,,458,46,10.044,"158,503,197",0.2890,0.0290
NGA10-9-17-1,17 Sep,2010,Rivers,,81,3,3.704,"158,503,197",0.0511,0.0019
NGA10-9-18-1,18 Sep,2010,Yobe,,793,80,10.088,"158,503,197",0.5003,0.0505
NGA10-9-18-1,18 Sep,2010,Yobe,Baden,647,15,2.318,"158,503,197",0.4082,0.0095
NGA10-9-18-1,18 Sep,2010,Yobe,Potiskum,408,26,6.373,"158,503,197",0.2574,0.0164
NGA10-9-23-1,23 Sep,2010,Zamfara,,,103,,"158,503,197",,0.0650
NGA10-10-21-1,21 Oct,2010,Sokoto,Wurno,"1,185",,,"158,503,197",0.7476,
NGA10-10-26-1,26 Oct,2010,,,"40,000","1,500",3.750,"158,503,197",25.2361,0.9464
NGA10-10-28-1,28 Oct,2010,,,"37,289","1,434",3.846,"158,503,197",23.5257,0.9047
NGA10-10-28-1,28 Oct,2010,Adamawa,,"1,764",118,6.689,"158,503,197",1.1129,0.0744
NGA10-10-28-1,28 Oct,2010,Anambra,,6,0,0.000,"158,503,197",0.0038,0.0000
NGA10-10-28-1,28 Oct,2010,Bauchi,,"10,819",182,1.682,"158,503,197",6.8257,0.1148
NGA10-10-28-1,28 Oct,2010,Borno,,"9,379",377,4.020,"158,503,197",5.9172,0.2379
NGA10-10-28-1,28 Oct,2010,Gombe,,"3,190",129,4.044,"158,503,197",2.0126,0.0814
NGA10-10-28-1,28 Oct,2010,Jigawa,,718,36,5.014,"158,503,197",0.4530,0.0227
NGA10-10-28-1,28 Oct,2010,Kaduna,,969,61,6.295,"158,503,197",0.6113,0.0385
NGA10-10-28-1,28 Oct,2010,Taraba,,553,41,7.414,"158,503,197",0.3489,0.0259
NGA10-10-28-1,28 Oct,2010,Yobe,,"1,479",110,7.437,"158,503,197",0.9331,0.0694
NGA10-10-28-1,28 Oct,2010,Kano,,165,15,9.091,"158,503,197",0.1041,0.0095
NGA10-10-28-1,28 Oct,2010,Sokoto,,"1,210",0,0.000,"158,503,197",0.7634,0.0000
NGA10-10-28-1,28 Oct,2010,Zamfara,,899,50,5.562,"158,503,197",0.5672,0.0315
NGA10-10-28-1,28 Oct,2010,Federal Capital Territory ,,137,2,1.460,"158,503,197",0.0864,0.0013
NGA10-10-28-1,28 Oct,2010,Osun,,42,2,4.762,"158,503,197",0.0265,0.0013
NGA10-10-28-1,28 Oct,2010,Rivers,,81,3,3.704,"158,503,197",0.0511,0.0019
NGA10-11-1-1,1 Nov,2010,Bauchi,,"11,220",100,0.891,"158,503,197",7.0787,0.0631
NGA11-1-14-1,14 Jan,2011,Niger,Lavun,22,13,59.091,"162,805,071",0.0135,0.0080
NGA11-1-14-1,14 Jan,2011,,Edati,,,,,,
NGA11-2-2-1,2 Feb,2011,Kano,,30,0,0.000,"162,805,071",0.0184,0.0000
NGA11-2-11-1,11 Feb,2011,Kano,Kogi,,17,,"162,805,071",,0.0104
NGA11-4-8-1,8 Apr,2011,Taraba,Donga,60,24,40.000,"162,805,071",0.0369,0.0147
NGA11-6-2-1,2 Jun,2011,Abia,Bende ,,30,,"162,805,071",,0.0184
NGA11-6-9-1,9 Jun,2011,Adamawa,,200,30,15.000,"162,805,071",0.1228,0.0184
NGA11-6-9-1,9 Jun,2011,Adamawa,Maiha,,17,,"162,805,071",,0.0104
NGA11-6-9-1,9 Jun,2011,Adamawa,Mubi South ,,19,,"162,805,071",,0.0117
NGA11-6-25-1,25 Jun,2011,Niger,Minna,457,13,2.845,"162,805,071",0.2807,0.0080
NGA11-6-27-1,27 Jun,2011,,,"21,382",694,3.246,"162,805,071",13.1335,0.4263
NGA11-6-27-1,27 Jun,2011,Plateau,,,,,,,
NGA11-6-27-1,27 Jun,2011,Bauchi,,,,,,,
NGA11-6-27-1,27 Jun,2011,Taraba,,,,,,,
NGA11-6-27-1,27 Jun,2011,Adamawa,,,,,,,
NGA11-6-27-1,27 Jun,2011,Kaduna,,,,,,,
NGA11-6-27-1,27 Jun,2011,Yobe,,,,,,,
NGA11-6-27-1,27 Jun,2011,Nasarawa,,,,,,,
NGA11-6-27-1,27 Jun,2011,Oyo,,,,,,,
NGA11-6-27-1,27 Jun,2011,Kogi,,,,,,,
NGA11-6-29-1,29 Jun,2011,Plateau,,300,10,3.333,"162,805,071",0.1843,0.0061
NGA11-7-8-1,8 Jul,2011,,,"1,668",43,2.578,"162,805,071",1.0245,0.0264
NGA11-7-8-1,8 Jul,2011,Plateau,,410,24,5.854,"162,805,071",0.2518,0.0147
NGA11-7-8-1,8 Jul,2011,Bauchi,,,,,,,
NGA11-7-8-1,8 Jul,2011,Taraba,,,,,,,
NGA11-7-8-1,8 Jul,2011,Adamawa,,,,,,,
NGA11-7-8-1,8 Jul,2011,Kaduna,,,,,,,
NGA11-8-10-1,10 Aug,2011,Osun,,148,8,5.405,"162,805,071",0.0909,0.0049
NGA11-8-10-1,10 Aug,2011,Osun,Ede North,42,,,"162,805,071",0.0258,
NGA11-8-10-1,10 Aug,2011,Osun,Ede South,31,,,"162,805,071",0.0190,
NGA11-8-10-1,10 Aug,2011,Osun,Osogbo,21,,,"162,805,071",0.0129,
NGA11-8-10-1,10 Aug,2011,Osun,Isokan,15,,,"162,805,071",0.0092,
NGA11-8-10-1,10 Aug,2011,Osun,Ife East,10,,,"162,805,071",0.0061,
NGA11-8-10-1,10 Aug,2011,Osun,Ayedire,9,,,"162,805,071",0.0055,
NGA11-8-10-1,10 Aug,2011,Osun,Olorunda,7,,,"162,805,071",0.0043,
NGA11-8-10-1,10 Aug,2011,Osun,Egbedore,5,,,"162,805,071",0.0031,
NGA11-8-10-1,10 Aug,2011,Osun,Ife South,3,,,"162,805,071",0.0018,
NGA11-8-10-1,10 Aug,2011,Osun,Ife Central,2,,,"162,805,071",0.0012,
NGA11-8-10-1,10 Aug,2011,Osun,Atakumosa West,2,,,"162,805,071",0.0012,
NGA11-8-10-1,10 Aug,2011,Osun,Ayedaade,1,,,"162,805,071",0.0006,
NGA11-8-24-1,24 Aug,2011,Osun,,,8,,"162,805,071",,0.0049
NGA11-8-27-1,27 Aug,2011,Sokoto,Rabah,70,2,2.857,"162,805,071",0.0430,0.0012
NGA11-8-27-2,27 Aug,2011,Yobe,Potiskum,81,6,7.407,"162,805,071",0.0498,0.0037
NGA11-8-28-1,28 Aug,2011,Oyo ,Ibadan North-West,16,4,25.000,"162,805,071",0.0098,0.0025
NGA11-8-30-1,30 Aug,2011,Sokoto,,70,2,2.857,"162,805,071",0.0430,0.0012
NGA11-8-30–2,30 Aug,2011,Yobe,,690,35,5.072,"162,805,071",0.4238,0.0215
NGA11-9-6-1,6 Sep,2011,Bauchi,,30,10,33.333,"162,805,071",0.0184,0.0061
NGA11-9-14-1,14 Sep,2011,Osun,Ede,80,0,0.000,"162,805,071",0.0491,0.0000
NGA11-9-16-1,16 Sep,2011,Oyo ,,947,30,3.168,"162,805,071",0.5817,0.0184
NGA11-10-12-1,12 Oct,2011,Adamawa,,55,5,9.091,"162,805,071",0.0338,0.0031
NGA12-7-20-1,20 Jul,2012,Ekiti,,,2,,"167,228,767",,0.0012
NGA12-11-26-1,26 Nov,2012,Osun,,42,3,7.143,"167,228,767",0.0251,0.0018
NGA13-7-1-1,1 Jul,2013,Lagos,,39,,,"171,765,769",0.0227,
NGA13-7-27-1,27 Jul,2013,Ogun,,103,3,2.913,"171,765,769",0.0600,0.0017
NGA13-7-27-1,27 Jul,2013,Ogun,Abeokuta South ,76,,,"171,765,769",0.0442,
NGA13-7-27-1,27 Jul,2013,Ogun,Abeokuta North,25,,,"171,765,769",0.0146,
NGA13-7-27-1,27 Jul,2013,Ogun,Odeda,2,,,"171,765,769",0.0012,
NGA13-7-27-1,27 Jul,2013,Ogun,Obafemi Owode,1,,,"171,765,769",0.0006,
NGA13-9-5-1,5 Sep,2013,Oyo ,,10,8,80.000,"171,765,769",0.0058,0.0047
NGA13-9-12-1,12 Sep,2013,Nasarawa,Akwa Ibomnga,118,2,1.695,"171,765,769",0.0687,0.0012
NGA13-10-20-1,20 Oct,2013,Plateau,Qua’pan,61,8,13.115,"171,765,769",0.0355,0.0047
NGA13-10-21-1,21 Oct,2013,Zamfara,,,50,,"171,765,769",,0.0291
NGA13-10-22-1,22 Oct,2013,Sokoto,Tambuwal,11,5,45.455,"171,765,769",0.0064,0.0029
NGA13-10-23-1,23 Oct,2013,Lagos,,13,3,23.077,"171,765,769",0.0076,0.0017
NGA13-10-23-2,23 Oct,2013,Plateau,,96,9,9.375,"171,765,769",0.0559,0.0052
NGA13-10-29-1,29 Oct,2013,,,373,74,,"171,765,769",0.2172,0.0431
NGA13-10-29-1,29 Oct,2013,Plateau,,,,,,,
NGA13-10-29-1,29 Oct,2013,Sokoto,,,,,,,
NGA13-10-29-1,29 Oct,2013,Zamfara,,,,,,,
NGA13-10-29-1,29 Oct,2013,Lagos,,,,,,,
NGA13-11-6-1,6 Nov,2013,Lagos,Yaba,,4,,"171,765,769",,0.0023
NGA13-11-15-1,15 Nov,2013,Benue,Otukpo,80,12,15.000,"171,765,769",0.0466,0.0070
NGA14-1-1-1,1 Jan,2014,Kaduna,,"1,468",54,3.678,"176,404,902",0.8322,0.0306
NGA14-1-1-1,1 Jan,2014,Kaduna,Chikum,20,6,30.000,"176,404,902",0.0113,0.0034
NGA14-1-1-1,1 Jan,2014,Kaduna,Igabi ,301,3,0.997,"176,404,902",0.1706,0.0017
NGA14-1-1-1,1 Jan,2014,Kaduna,Kaduna North,87,0,0.000,"176,404,902",0.0493,
NGA14-1-1-1,1 Jan,2014,Kaduna,Soba,99,3,3.030,"176,404,902",0.0561,0.0017
NGA14-1-1-1,1 Jan,2014,Kaduna,Zaira,22,4,18.182,"176,404,902",0.0125,0.0023
NGA14-1-11-1,11 Jan,2014,Kano,,"2,165",,0.000,"176,404,902",1.2273,
NGA14-1-13-1,13 Jan,2014,Kano,,2156,71,3.293,"176,404,902",1.2222,0.0402
NGA14-1-16-1,16 Jan,2014,Jigawa,,153,11,7.190,"176,404,902",0.0867,0.0062
NGA14-1-26-1,26 Jan,2014,Kebbi,Koko,,3,,"176,404,902",,0.0017
NGA14-1-26-1,26 Jan,2014,,Besse,,,,,,
NGA14-2-15-1,15 Feb,2014,Benue,Makurdi,240,30,12.500,"176,404,902",0.1361,0.0170
NGA14-3-3-1,3 Mar,2014,Bauchi,,61,10,16.393,"176,404,902",0.0346,0.0057
NGA14-4-1-1,1 Apr,2014,Bauchi,,"35,996",755,2.097,"176,404,902",20.4053,0.4280
NGA14-4-1-1,1 Apr,2014,,Bauchi Metropolis,,,,,,
NGA14-4-1-1,1 Apr,2014,,Tafawa Alewa,,,,,,
NGA14-7-17-1,17 Jul,2014,Bauchi,,"15,500",83,0.535,"176,404,902",8.7866,0.0471
NGA14-7-21-1,21 Jul,2014,Kano,,701,16,2.282,"176,404,902",0.3974,0.0091
NGA14-8-5-1,5 Aug,2014,Borno,,2924,27,0.923,"176,404,902",1.6576,0.0153
NGA14-9-5-1,5 Sep,2014,Sokoto,,40,16,40.000,"176,404,902",0.0227,0.0091
NGA14-10-26-1,26 Oct,2014,Federal Capital Territory ,Kwali,48,6,12.500,"176,404,902",0.0272,0.0034
NGA15-1-1-1,1 Jan,2015,,,"2,108",97,4.602,"181,137,448",1.1638,0.0536
NGA15-1-1-1,1 Jan,2015,Anambra,,,,,,,
NGA15-1-1-1,1 Jan,2015,Kano,,,,,,,
NGA15-1-1-1,1 Jan,2015,Rivers,,,,,,,
NGA15-1-1-1,1 Jan,2015,Ebonyi,,,,,,,
NGA15-1-14-1,14 Jan,2015,Rivers,Angoni,170,20,11.765,"181,137,448",0.0939,0.0110
NGA15-1-25-1,25 Jan,2015,Kano,Gaya,216,2,0.926,"181,137,448",0.1192,0.0011
NGA15-1-25-1,25 Jan,2015,Oyo,,67,,,"181,137,448",0.0370,
NGA15-3-8-1,8 Mar,2015,Rivers,Andoni,"10,903",3,0.028,"181,137,448",6.0192,0.0017
NGA15-8-1-1,1 Aug,2015,Kaduna,Zaria,40,10,25.000,"181,137,448",0.0221,0.0055
NGA15-9-7-1,7 Sep,2015,Borno,Maiduguri,187,,,"181,137,448",0.1032,
NGA15-9-7-1,7 Sep,2015,Kaduna,Zaria,192,,,"181,137,448",0.1060,
NGA15-9-11-1,11 Sep,2015,Jigawa,Birnin Kudu,50,1,2.000,"181,137,448",0.0276,0.0006
NGA15-9-11-2,11 Sep,2015,Borno,Maiduguri,385,13,3.377,"181,137,448",0.2125,0.0072
NGA15-9-28-1,28 Sep,2015,Borno,Maiduguri,187,16,8.556,"181,137,448",0.1032,0.0088
NGA15-11-24-1,24 Nov,2015,Borno,,961,,,"181,137,448",0.5305,
NGA15-11-24-1,24 Nov,2015,Kano,,771,,,"181,137,448",0.4256,
NGA15-11-24-1,24 Nov,2015,Bauchi,,114,,,"181,137,448",0.0629,
NGA16-3-14-1,14 Mar,2016,Jigawa,,10,0,0.000,"185,960,289",0.0054,
NGA16-3-14-1,14 Mar,2016,Kano,,60,0,0.000,"185,960,289",0.0323,
NGA16-3-28-1,28 Mar,2016,Jigawa,,19,0,0.000,"185,960,289",0.0102,
NGA16-3-28-1,28 Mar,2016,Kano,,69,0,0.000,"185,960,289",0.0371,
NGA16-6-13-1,13 Jun,2016,Kano,Bichi,53,2,3.774,"185,960,289",0.0285,0.0011
NGA16-8-9-1,9 Aug,2016,Borno,Rann,19,8,42.105,"185,960,289",0.0102,0.0043
NGA16-9-16-1,16 Sep,2016,Lagos,,14,1,7.143,"185,960,289",0.0075,0.0005
NGA16-9-16-1,16 Sep,2016,,Oshodi,,,,,,
NGA16-9-16-1,16 Sep,2016,,Isolo,,,,,,
NGA16-9-22-1,22 Sep,2016,Lagos,Isolo,45,6,13.333,"185,960,289",0.0242,0.0032
NGA16-9-30-1,30 Sep,2016,,,36,1,2.778,"185,960,289",0.0194,0.0005
NGA16-10-1-1,1 Oct,2016,,,3,,,"185,960,289",0.0016,
NGA16-10-14-1,14 Oct,2016,,,13,4,30.769,"185,960,289",0.0070,0.0022
NGA16-10-21-1,21 Oct,2016,Oyo,Akinyele,6,,,"185,960,289",0.0032,
NGA16-11-11-1,11 Nov,2016,Lagos,Kosofe,2,,,"185,960,289",0.0011,
NGA16-11-25-1,25 Nov,2016,Gombe,Gombe,1,,,"185,960,289",0.0005,
NGA17-2-10-1,10 Feb,2017,Federal Capital Territory ,Kuje,5,,,"190,873,311",0.0026,
NGA17-2-24-1,24 Feb,2017,Gombe,Gombe,1,,,"190,873,311",0.0005,
NGA17-3-10-1,10 Mar,2017,,,7,,,"190,873,311",0.0037,
NGA17-3-17-1,17 Mar,2017,Gombe,Gombe,1,,,"190,873,311",0.0005,
NGA17-4-21-1,21 Apr,2017,Zamfara,,7,0,0.000,"190,873,311",0.0037,
NGA17-5-5-1,5 May,2017,Cross River,Obudu,1,0,0.000,"190,873,311",0.0005,
NGA17-5-26-1,26 May,2017,,,5,0,0.000,"190,873,311",0.0026,
NGA17-5-26-1,26 May,2017,Kaduna,Kaduna South,3,0,0.000,"190,873,311",0.0016,
NGA17-6-7-1,7 Jun,2017,Kwara,,"1,558",11,0.706,"190,873,311",0.8162,0.0058
NGA17-6-7-1,7 Jun,2017,,Asa,,,,,,
NGA17-6-7-1,7 Jun,2017,,Ilorin East,,,,,,
NGA17-6-7-1,7 Jun,2017,,Ilorin South,,,,,,
NGA17-6-7-1,7 Jun,2017,,Ilorin West,,,,,,
NGA17-6-7-1,7 Jun,2017,,Moro,,,,,,
NGA17-6-7-1,9 Jun,2017,,,77,1,1.299,"190,873,311",0.0403,0.0005
NGA17-6-16-1,16 Jun,2017,Kwara ,,126,1,0.794,"190,873,311",0.0660,0.0005
NGA17-6-25-1,25 Jun,2017,Kwara,,83,1,1.205,"190,873,311",0.0435,0.0005
NGA17-7-2-1,2 Jul,2017,,,186,10,5.376,"190,873,311",0.0974,0.0052
NGA17-7-2-1,2 Jul,2017,Kwara,,61,,,"190,873,311",0.0320,
NGA17-7-2-1,2 Jul,2017,Zamfara,,110,10,9.091,"190,873,311",0.0576,0.0052
NGA17-7-2-1,2 Jul,2017,Jigawa,,10,,,"190,873,311",0.0052,
NGA17-7-2-1,2 Jul,2017,Kaduna,,5,,,"190,873,311",0.0026,
NGA17-7-9-1,9 Jul,2017,,,109,1,0.917,"190,873,311",0.0571,0.0005
NGA17-7-9-2,9 Jul,2017,Kwara,,"1,617",17,1.051,"190,873,311",0.8472,0.0089
NGA17-7-12-1,12 Jul,2017,Kwara,,1558,11,0.706,"190,873,311",0.8162,0.0058
NGA17-7-12-1,12 Jul,2017,Kwara,Asa,18,,,"190,873,311",0.0094,
NGA17-7-12-1,12 Jul,2017,Kwara,Ilorin East,450,,,"190,873,311",0.2358,
NGA17-7-12-1,12 Jul,2017,Kwara,Ilorin South,215,,,"190,873,311",0.1126,
NGA17-7-12-1,12 Jul,2017,Kwara,Ilorin West,780,,,"190,873,311",0.4086,
NGA17-7-12-1,12 Jul,2017,Kwara,Moro,50,,,"190,873,311",0.0262,
NGA17-7-16-1,16 Jul,2017,,,36,2,5.556,"190,873,311",0.0189,0.0010
NGA17-7-21-1,21 Jul,2017,Kwara,,1617,17,1.051,"190,873,311",0.8472,0.0089
NGA17-7-23-1,23 Jul,2017,,,81,3,3.704,"190,873,311",0.0424,0.0016
NGA17-7-30-1,30 Jul,2017,Kwara,Ilorin East,2,0,0.000,"190,873,311",0.0010,0.0000
NGA17-7-30-2,30 Jul,2017,Kwara,,"1,627",22,1.352,"190,873,311",0.8524,0.0115
NGA17-7-30-2,30 Jul,2017,Zamfara,,313,11,3.514,"190,873,311",0.1640,0.0058
NGA17-7-30-2,30 Jul,2017,Lagos,,38,2,5.263,"190,873,311",0.0199,0.0010
NGA17-8-6-1,6 Aug,2017,Kwara,Ilorin East,23,0,0.000,"190,873,311",0.0120,
NGA17-8-13-1,13 Aug,2017,,,92,10,10.870,"190,873,311",0.0482,0.0052
NGA17-8-14-1,14 Aug,2017,Borno,,"5,889",43,0.730,"190,873,311",3.0853,0.0225
NGA17-8-20-1,20 Aug,2017,,,24,1,4.167,"190,873,311",0.0126,0.0005
NGA17-8-20-2,20 Aug,2017,Borno,Jere,5,,,"190,873,311",0.0026,
NGA17-8-21-1,21 Aug,2017,Borno,,"5,000",,,"190,873,311",2.6195,
NGA17-8-21-1,21 Aug,2017,Borno,Jere,,61,1.140,"190,873,311",,0.0320
NGA17-8-27-1,27 Aug,2017,,,106,2,1.887,"190,873,311",0.0555,0.0010
NGA17-9-3-1,3 Sep,2017,,,424,1,0.236,"190,873,311",0.2221,0.0005
NGA17-9-3-1,3 Sep,2017,Borno,,409,,,"190,873,311",0.2143,0.0000
NGA17-9-3-1,3 Sep,2017,Kaduna,,3,,,"190,873,311",0.0016,
NGA17-9-3-1,3 Sep,2017,Kano,,12,,,"190,873,311",0.0063,
NGA17-9-3-1,3 Sep,2017,Borno,,,14,,"190,873,311",,0.0073
NGA17-9-4-1,4 Sep,2017,Borno,,70,,0.000,"190,873,311",0.0367,
NGA17-9-4-2,4 Sep,2017,Borno,,"1,626",40,2.460,"190,873,311",0.8519,0.0210
NGA17-9-4-2,4 Sep,2017,,Jere,,,,,,
NGA17-9-4-2,4 Sep,2017,,Maiduguri,,,,,,
NGA17-9-4-2,4 Sep,2017,,Dikwa,,,,,,
NGA17-9-4-2,4 Sep,2017,,Mongonu,,,,,,
NGA17-9-5-1,5 Sep,2017,Borno,,319,20,6.270,"190,873,311",0.1671,0.0105
NGA17-9-5-1,5 Sep,2017,Borno,,375,21,5.600,"190,873,311",0.1965,0.0110
NGA17-9-8-1,8 Sep,2017,,,"1,165",30,2.575,"190,873,311",0.6104,0.0157
NGA17-9-8-1,8 Sep,2017,Borno,Muna,689,,,"190,873,311",0.3610,
NGA17-9-8-1,8 Sep,2017,Borno,,406,,,"190,873,311",0.2127,
NGA17-9-8-1,8 Sep,2017,Borno,Monguno,70,,,"190,873,311",0.0367,
NGA17-9-10-1,10 Sep,2017,,,708,18,2.542,"190,873,311",0.3709,0.0094
NGA17-9-10-1,10 Sep,2017,Bauchi,,3,,,"190,873,311",0.0016,
NGA17-9-10-1,10 Sep,2017,Borno,,593,,,"190,873,311",0.3107,
NGA17-9-10-1,10 Sep,2017,Kaduna,,28,,,"190,873,311",0.0147,
NGA17-9-10-1,10 Sep,2017,Kano,,4,,,"190,873,311",0.0021,
NGA17-9-10-1,10 Sep,2017,Oyo,,8,,,"190,873,311",0.0042,
NGA17-9-10-1,10 Sep,2017,Borno,,775,21,2.710,"190,873,311",0.4060,0.0110
NGA17-9-15-1,15 Sep,2017,Kebbi,Dandi,216,18,8.333,"190,873,311",0.1132,0.0094
NGA17-9-16-1,16 Sep,2017,Borno,,1926,44,2.285,"190,873,311",1.0090,0.0231
NGA17-9-17-1,17 Sep,2017,,,907,26,2.867,"190,873,311",0.4752,0.0136
NGA17-9-17-1,17 Sep,2017,Bauchi,,2,,,"190,873,311",0.0010,
NGA17-9-17-1,17 Sep,2017,Borno,,842,,,"190,873,311",0.4411,
NGA17-9-17-1,17 Sep,2017,Kaduna,,40,,,"190,873,311",0.0210,
NGA17-9-17-1,17 Sep,2017,Kano,,5,,,"190,873,311",0.0026,
NGA17-9-17-1,17 Sep,2017,Oyo,,1,,,"190,873,311",0.0005,
NGA17-9-17-1,17 Sep,2017,Zamfara,,17,,,"190,873,311",0.0089,
NGA17-9-17-2,17 Sep,2017,,,651,,,"190,873,311",0.3411,
NGA17-9-17-2,17 Sep,2017,Borno,,,,,,,
NGA17-9-17-2,17 Sep,2017,Kano,,,,,,,
NGA17-9-17-2,17 Sep,2017,Kebbi,,,,,,,
NGA17-9-17-2,17 Sep,2017,Oyo,,,,,,,
NGA17-9-17-2,17 Sep,2017,Zamfara,,,,,,,
NGA17-9-18-1,18 Sep,2017,Borno,,"2,300",44,1.913,"190,873,311",1.2050,0.0231
NGA17-9-18-1,18 Sep,2017,Borno,,,,,,,
NGA17-9-18-1,18 Sep,2017,,Maiduguri,,,,,,
NGA17-9-18-1,18 Sep,2017,,Jere,,,,,,
NGA17-9-18-1,18 Sep,2017,,Konduga,,,,,,
NGA17-9-18-1,18 Sep,2017,,Dikwa,,,,,,
NGA17-9-18-1,18 Sep,2017,,Monguno,,,,,,
NGA17-9-18-1,18 Sep,2017,,Mafa,,,,,,
NGA17-9-22-1,22 Sep,2017,Borno,,"3,498",53,1.515,"190,873,311",1.8326,0.0278
NGA17-9-22-1,22 Sep,2017,Borno,Dikwa,640,,,"190,873,311",0.3353,
NGA17-9-22-1,22 Sep,2017,Borno,Jere,"1,759",,,"190,873,311",0.9216,
NGA17-9-22-1,22 Sep,2017,,Konduga,,,,,,
NGA17-9-22-1,22 Sep,2017,,Maiduguri,,,,,,
NGA17-9-22-1,22 Sep,2017,,Monguno,"1,099",,0.000,"190,873,311",0.5758,
NGA17-9-24-1,24 Sep,2017,,,107,2,1.869,"190,873,311",0.0561,0.0010
NGA17-9-24-1,24 Sep,2017,Bauchi,,4,,,"190,873,311",0.0021,
NGA17-9-24-1,24 Sep,2017,Bayelsa,,8,,,"190,873,311",0.0042,
NGA17-9-24-1,24 Sep,2017,Borno,,69,,,"190,873,311",0.0361,
NGA17-9-24-1,24 Sep,2017,Kaduna,,8,,,"190,873,311",0.0042,
NGA17-9-24-1,24 Sep,2017,Kano,,18,,,"190,873,311",0.0094,
NGA17-10-1-1,1 Oct,2017,,,20,,,"190,873,311",0.0105,
NGA17-10-1-1,1 Oct,2017,Bauchi,,6,,,"190,873,311",0.0031,
NGA17-10-1-1,1 Oct,2017,Borno,,1,,,"190,873,311",0.0005,
NGA17-10-1-1,1 Oct,2017,Delta,,3,,,"190,873,311",0.0016,
NGA17-10-1-1,1 Oct,2017,Kaduna,,5,,,"190,873,311",0.0026,
NGA17-10-1-1,1 Oct,2017,Kano,,5,,,"190,873,311",0.0026,
NGA17-10-8-1,8 Oct,2017,,,50,1,2.000,"190,873,311",0.0262,0.0005
NGA17-10-8-1,8 Oct,2017,Bauchi,,3,,,"190,873,311",0.0016,
NGA17-10-8-1,8 Oct,2017,Borno,,35,,,"190,873,311",0.0183,
NGA17-10-8-1,8 Oct,2017,Delta,,3,,,"190,873,311",0.0016,
NGA17-10-8-1,8 Oct,2017,Kaduna,,4,,,"190,873,311",0.0021,
NGA17-10-8-1,8 Oct,2017,Zamfara,,8,,,"190,873,311",0.0042,
NGA17-10-8-2,8 Oct,2017,Borno,,"4,704",60,1.276,"190,873,311",2.4645,0.0314
NGA17-10-8-2,8 Oct,2017,Borno,Jere,"2,331",42,1.802,"190,873,311",1.2212,0.0220
NGA17-10-8-2,8 Oct,2017,Borno,Monguno,"1,600",3,0.188,"190,873,311",0.8383,0.0016
NGA17-10-8-2,8 Oct,2017,Borno,Dikwa,729,13,1.783,"190,873,311",0.3819,0.0068
NGA17-10-8-2,8 Oct,2017,Borno,Maiduguri,38,2,5.263,"190,873,311",0.0199,0.0010
NGA17-10-8-2,8 Oct,2017,Borno,Mafa,6,0,0.000,"190,873,311",0.0031,0.0000
NGA17-10-15-1,15 Oct,2017,,,19,1,5.263,"190,873,311",0.0100,0.0005
NGA17-10-22-1,22 Oct,2017,Borno,Monguno,72,,,"190,873,311",0.0377,
NGA17-10-29-1,29 Oct,2017,,,108,3,2.778,"190,873,311",0.0566,0.0016
NGA17-10-29-1,29 Oct,2017,Borno,,92,,,"190,873,311",0.0482,
NGA17-10-29-1,29 Oct,2017,Kaduna,,11,,,"190,873,311",0.0058,
NGA17-10-29-1,29 Oct,2017,Kwara,,1,,,"190,873,311",0.0005,
NGA17-10-29-1,29 Oct,2017,Oyo,,4,,,"190,873,311",0.0021,
NGA17-11-2-1,2 Nov,2017,Borno,,"5,281",61,1.155,"190,873,311",2.7668,0.0320
NGA17-11-2-1,2 Nov,2017,Borno,Jere,"2,651",43,1.622,"190,873,311",1.3889,0.0225
NGA17-11-2-1,2 Nov,2017,Borno,Dikwa,736,13,1.766,"190,873,311",0.3856,0.0068
NGA17-11-2-1,2 Nov,2017,Borno,Monguno,"1,753",3,0.171,"190,873,311",0.9184,0.0016
NGA17-11-2-1,2 Nov,2017,Borno,Maiduguri,58,2,,"190,873,311",0.0304,0.0010
NGA17-11-2-1,2 Nov,2017,Borno,Mafa,20,,0.000,"190,873,311",0.0105,
NGA17-11-2-1,2 Nov,2017,Borno,Guzmala,66,0,0.000,"190,873,311",0.0346,
NGA17-11-5-1,5 Nov,2017,,,14,,,"190,873,311",0.0073,
NGA17-11-5-1,5 Nov,2017,Borno,,9,,,"190,873,311",0.0047,
NGA17-11-5-1,5 Nov,2017,Cross River ,,1,,,"190,873,311",0.0005,
NGA17-11-5-1,5 Nov,2017,Kaduna,,4,,,"190,873,311",0.0021,
NGA17-11-12-1,12 Nov,2017,,,22,0,0.000,"190,873,311",0.0115,
NGA17-11-12-1,12 Nov,2017,Bauchi,,2,,,"190,873,311",0.0010,0.0000
NGA17-11-12-1,12 Nov,2017,Borno,,13,,,"190,873,311",0.0068,
NGA17-11-12-1,12 Nov,2017,Gombe,,1,,,"190,873,311",0.0005,
NGA17-11-12-1,12 Nov,2017,Kaduna,,6,,,"190,873,311",0.0031,
NGA17-11-12-2,12 Nov,2017,Borno,,"5,336",61,1.143,"190,873,311",2.7956,0.0320
NGA17-11-12-2,12 Nov,2017,Borno,,"2,682",43,1.603,"190,873,311",1.4051,0.0225
NGA17-11-12-2,12 Nov,2017,Borno,Monguno,"1,758",3,0.171,"190,873,311",0.9210,0.0016
NGA17-11-12-2,12 Nov,2017,Borno,,736,13,1.766,"190,873,311",0.3856,0.0068
NGA17-11-12-2,12 Nov,2017,Borno,Guzamala,82,0,0.000,"190,873,311",0.0430,
NGA17-11-12-2,12 Nov,2017,Borno,Maiduguri,58,2,3.448,"190,873,311",0.0304,0.0010
NGA17-11-12-2,12 Nov,2017,Borno,,20,0,0.000,"190,873,311",0.0105,
NGA17-11-19-1,19 Nov,2017,,,10,0,0.000,"190,873,311",0.0052,
NGA17-11-19-1,19 Nov,2017,Bauchi,,1,,,"190,873,311",0.0005,
NGA17-11-19-1,19 Nov,2017,Borno,,1,,,"190,873,311",0.0005,
NGA17-11-19-1,19 Nov,2017,Kaduna,,8,,,"190,873,311",0.0042,
NGA17-11-26-1,26 Nov,2017,,,7,0,0.000,"190,873,311",0.0037,
NGA17-11-26-1,26 Nov,2017,Anambra,,2,,,"190,873,311",0.0010,
NGA17-11-26-1,26 Nov,2017,Bauchi,,1,,,"190,873,311",0.0005,
NGA17-11-26-1,26 Nov,2017,Kaduna,,4,,,"190,873,311",0.0021,
NGA17-12-3-1,3 Dec,2017,,,8,0,0.000,"190,873,311",0.0042,
NGA17-12-3-1,3 Dec,2017,Anambra,,1,,,"190,873,311",0.0005,
NGA17-12-3-1,3 Dec,2017,Borno,,2,,,"190,873,311",0.0010,
NGA17-12-3-1,3 Dec,2017,Kaduna,,2,,,"190,873,311",0.0010,
NGA17-12-3-1,3 Dec,2017,Kano,,1,,,"190,873,311",0.0005,
NGA17-12-3-1,3 Dec,2017,Zamfara,,2,,,"190,873,311",0.0010,
NGA17-12-10–1,10 Dec,2017,,,11,,,"190,873,311",0.0058,
NGA17-12-10–1,10 Dec,2017,Kano,,10,,,"190,873,311",0.0052,
NGA17-12-10–1,10 Dec,2017,Kaduna,,1,,,"190,873,311",0.0005,
NGA17-12-17-1,17 Dec,2017,,,156,5,3.205,"190,873,311",0.0817,0.0026
NGA17-12-17-1,17 Dec,2017,Kano,,106,,,"190,873,311",0.0555,
NGA17-12-17-1,17 Dec,2017,Zamfara,,59,,,"190,873,311",0.0309,
NGA17-12-20-1,20 Dec,2017,Nasarawa,Toto,,4,,"190,873,311",,0.0021
NGA17-12-24-1,24 Dec,2017,,,172,5,2.907,"190,873,311",0.0901,0.0026
NGA17-12-24-1,24 Dec,2017,Kaduna,,2,,,"190,873,311",0.0010,
NGA17-12-24-1,24 Dec,2017,Kano,,170,,,"190,873,311",0.0891,
NGA17-12-31-1,31 Dec,2017,Kano,,121,9,7.438,"190,873,311",0.0634,0.0047
NGA18-1-1-1,1 Jan,2018,,,"43,996",836,1.900,"195,874,740",22.4613,0.4268
NGA18-1-1-1,1 Jan,2018,Anambra,,23,1,4.348,"195,874,740",0.0117,0.0005
NGA18-1-1-1,1 Jan,2018,Ebonyi,,182,7,3.846,"195,874,740",0.0929,0.0036
NGA18-1-1-1,1 Jan,2018,Adamawa,,"2,748",41,1.492,"195,874,740",1.4029,0.0209
NGA18-1-1-1,1 Jan,2018,Borno,,"7,626",74,0.970,"195,874,740",3.8933,0.0378
NGA18-1-1-1,1 Jan,2018,Bauchi,,"9,405",35,0.372,"195,874,740",4.8015,0.0179
NGA18-1-1-1,1 Jan,2018,Gombe,,552,18,3.261,"195,874,740",0.2818,0.0092
NGA18-1-1-1,1 Jan,2018,Yobe,,"2,275",83,3.648,"195,874,740",1.1615,0.0424
NGA18-1-1-1,1 Jan,2018,Federal Capital Territory ,,221,14,6.335,"195,874,740",0.1128,0.0071
NGA18-1-1-1,1 Jan,2018,Kogi,,102,8,7.843,"195,874,740",0.0521,0.0041
NGA18-1-1-1,1 Jan,2018,Kwara,,10,0,0.000,"195,874,740",0.0051,0.0000
NGA18-1-1-1,1 Jan,2018,Nasarawa,,71,5,7.042,"195,874,740",0.0362,0.0026
NGA18-1-1-1,1 Jan,2018,Niger,,584,29,4.966,"195,874,740",0.2981,0.0148
NGA18-1-1-1,1 Jan,2018,Plateau,,347,6,1.729,"195,874,740",0.1772,0.0031
NGA18-1-1-1,1 Jan,2018,Jigawa,,15,1,6.667,"195,874,740",0.0077,0.0005
NGA18-1-1-1,1 Jan,2018,Kaduna,,401,25,6.234,"195,874,740",0.2047,0.0128
NGA18-1-1-1,1 Jan,2018,Kano,,"1,905",73,3.832,"195,874,740",0.9726,0.0373
NGA18-1-1-1,1 Jan,2018,Katsina,,"7,400",190,2.568,"195,874,740",3.7779,0.0970
NGA18-1-1-1,1 Jan,2018,Kebbi,,198,7,3.535,"195,874,740",0.1011,0.0036
NGA18-1-1-1,1 Jan,2018,Sokoto,,"1,602",84,5.243,"195,874,740",0.8179,0.0429
NGA18-1-1-1,1 Jan,2018,Zamfara,,8329,135,1.621,"195,874,740",4.2522,0.0689
NGA18-1-5-1,5 Jan,2018,,,84,5,5.952,"195,874,740",0.0429,0.0026
NGA18-1-5-1,5 Jan,2018,Bauchi,,9,,,"195,874,740",0.0046,0.0000
NGA18-1-5-1,5 Jan,2018,Borno,,3,,,"195,874,740",0.0015,0.0000
NGA18-1-5-1,5 Jan,2018,Kaduna,,2,,,"195,874,740",0.0010,0.0000
NGA18-1-5-1,5 Jan,2018,Kano,,70,,,"195,874,740",0.0357,0.0000
NGA18-1-12-1,12 Jan,2018,,,40,4,10.000,"195,874,740",0.0204,0.0020
NGA18-1-12-1,12 Jan,2018,Bauchi,,3,,,"195,874,740",0.0015,0.0000
NGA18-1-12-1,12 Jan,2018,Kaduna,,6,,,"195,874,740",0.0031,0.0000
NGA18-1-12-1,12 Jan,2018,Kano,,31,,,"195,874,740",0.0158,0.0000
NGA18-1-12-1,12 Jan,2018,Kano,,25,2,8.000,"195,874,740",0.0128,0.0010
NGA18-1-28-1,28 Jan,2018,,,8,0,0.000,"195,874,740",0.0041,
NGA18-1-28-1,28 Jan,2018,Bauchi,,5,,,"195,874,740",0.0026,
NGA18-1-28-1,28 Jan,2018,Kaduna,,1,,,"195,874,740",0.0005,
NGA18-1-28-1,28 Jan,2018,Zamfara,,2,,,"195,874,740",0.0010,
NGA18-1-28-2,28 Jan,2018,,,15,2,13.333,"195,874,740",0.0077,0.0010
NGA18-1-28-2,28 Jan,2018,Ebonyi,,12,,,"195,874,740",0.0061,
NGA18-1-28-2,28 Jan,2018,Enugu,,3,,,"195,874,740",0.0015,
NGA18-2-11-1,11 Feb,2018,,,12,0,,"195,874,740",0.0061,
NGA18-2-11-1,11 Feb,2018,Kaduna,,5,,,"195,874,740",0.0026,
NGA18-2-11-1,11 Feb,2018,Kano,,5,,,"195,874,740",0.0026,
NGA18-2-11-1,11 Feb,2018,Katsina,,2,,,"195,874,740",0.0010,
NGA18-2-11-1,11 Feb,2018,Kaduna,Kaduna South,3,0,0.000,"195,874,740",0.0015,
NGA18-2-13-1,13 Feb,2018,Borno,Kukawa,502,1,0.199,"195,874,740",0.2563,0.0005
NGA18-2-25-1,25 Feb,2018,,,11,1,9.091,"195,874,740",0.0056,0.0005
NGA18-2-25-1,25 Feb,2018,Kaduna,,4,,,"195,874,740",0.0020,
NGA18-2-25-1,25 Feb,2018,Kano,,4,,,"195,874,740",0.0020,
NGA18-2-25-1,25 Feb,2018,Oyo,,1,,,"195,874,740",0.0005,
NGA18-3-4-1,4 Mar,2018,,,12,2,16.667,"195,874,740",0.0061,0.0010
NGA18-3-4-1,4 Mar,2018,Bauchi,,6,,,"195,874,740",0.0031,
NGA18-3-4-1,4 Mar,2018,Kaduna,,4,,,"195,874,740",0.0020,
NGA18-3-4-1,4 Mar,2018,Kano,,2,,,"195,874,740",0.0010,
NGA18-3-4-2,4 Mar,2018,,,189,4,2.116,"195,874,740",0.0965,0.0020
NGA18-3-4-2,4 Mar,2018,Bauchi,,35,,,"195,874,740",0.0179,
NGA18-3-4-2,4 Mar,2018,Borno,,131,,,"195,874,740",0.0669,
NGA18-3-4-2,4 Mar,2018,Kaduna,,3,,,"195,874,740",0.0015,
NGA18-3-4-2,4 Mar,2018,Kano,,20,,,"195,874,740",0.0102,
NGA18-3-4-2,4 Mar,2018,Borno,Kukawa,600,3,0.500,"195,874,740",0.3063,0.0015
NGA18-3-8-1,8 Mar,2018,Borno,,608,3,0.493,"195,874,740",0.3104,0.0015
NGA18-3-8-1,8 Mar,2018,Borno,Kukawa,323,,,"195,874,740",0.1649,
NGA18-3-8-1,8 Mar,2018,Borno,Kukawa,229,3,1.310,"195,874,740",0.1169,0.0015
NGA18-3-8-1,8 Mar,2018,Borno,Kukawa,56,,,"195,874,740",0.0286,
NGA18-3-18-1,18 Mar,2018,,,175,5,2.857,"195,874,740",0.0893,0.0026
NGA18-3-18-1,18 Mar,2018,Bauchi,,112,,,"195,874,740",0.0572,
NGA18-3-18-1,18 Mar,2018,Borno,,40,,,"195,874,740",0.0204,
NGA18-3-18-1,18 Mar,2018,Ebonyi,,21,,,"195,874,740",0.0107,
NGA18-3-18-1,18 Mar,2018,Kaduna,,2,,,"195,874,740",0.0010,
NGA18-3-25-1,25 Mar,2018,,,351,5,1.425,"195,874,740",0.1792,0.0026
NGA18-3-25-1,25 Mar,2018,Abia,,13,,,"195,874,740",0.0066,
NGA18-3-25-1,25 Mar,2018,Bauchi,,289,,,"195,874,740",0.1475,
NGA18-3-25-1,25 Mar,2018,Borno,,21,,,"195,874,740",0.0107,
NGA18-3-25-1,25 Mar,2018,Ebonyi,,9,,,"195,874,740",0.0046,
NGA18-3-25-1,25 Mar,2018,Kaduna,,3,,,"195,874,740",0.0015,
NGA18-3-25-1,25 Mar,2018,Kano,,15,,,"195,874,740",0.0077,
NGA18-3-25-1,25 Mar,2018,Kwara,,1,,,"195,874,740",0.0005,
NGA18-4-1-1,1 Apr,2018,,,337,8,2.374,"195,874,740",0.1720,0.0041
NGA18-4-1-1,1 Apr,2018,Abia,,19,,,"195,874,740",0.0097,
NGA18-4-1-1,1 Apr,2018,Bauchi,,181,,,"195,874,740",0.0924,
NGA18-4-1-1,1 Apr,2018,Borno,,11,,,"195,874,740",0.0056,
NGA18-4-1-1,1 Apr,2018,Gombe,,2,,,"195,874,740",0.0010,
NGA18-4-1-1,1 Apr,2018,Kaduna,,3,,,"195,874,740",0.0015,
NGA18-4-1-1,1 Apr,2018,Kano,,15,,,"195,874,740",0.0077,
NGA18-4-1-1,1 Apr,2018,Yobe,,106,,,"195,874,740",0.0541,
NGA18-4-8-1,8 Apr,2018,,,602,9,1.495,"195,874,740",0.3073,0.0046
NGA18-4-8-1,8 Apr,2018,Abia,,8,,,"195,874,740",0.0041,
NGA18-4-8-1,8 Apr,2018,Anambra,,20,,,"195,874,740",0.0102,
NGA18-4-8-1,8 Apr,2018,Bauchi,,420,,,"195,874,740",0.2144,
NGA18-4-8-1,8 Apr,2018,Borno,,2,,,"195,874,740",0.0010,
NGA18-4-8-1,8 Apr,2018,Federal Capital Territory ,,1,,,"195,874,740",0.0005,
NGA18-4-8-1,8 Apr,2018,Kaduna,,1,,,"195,874,740",0.0005,
NGA18-4-8-1,8 Apr,2018,Nasarawa,,8,,,"195,874,740",0.0041,
NGA18-4-8-1,8 Apr,2018,Yobe,,136,,,"195,874,740",0.0694,
NGA18-4-8-1,8 Apr,2018,Zamfara,,6,,,"195,874,740",0.0031,
NGA18-4-15-1,15 Apr,2018,,,615,3,0.488,"195,874,740",0.3140,0.0015
NGA18-4-15-1,15 Apr,2018,Abia,,,,,,,
NGA18-4-15-1,15 Apr,2018,Bauchi,,,,,,,
NGA18-4-15-1,15 Apr,2018,Borno,,,,,,,
NGA18-4-15-1,15 Apr,2018,Ekiti,,,,,,,
NGA18-4-15-1,15 Apr,2018,Kaduna,,,,,,,
NGA18-4-15-1,15 Apr,2018,Kano,,,,,,,
NGA18-4-15-1,15 Apr,2018,Yobe,,,,,,,
NGA18-4-15-1,15 Apr,2018,Zamfara,,,,,,,
NGA18-4-22-1,22 Apr,2018,,,599,3,0.501,"195,874,740",0.3058,0.0015
NGA18-4-22-1,22 Apr,2018,Bauchi,,523,,,"195,874,740",0.2670,
NGA18-4-22-1,22 Apr,2018,Bayelsa,,1,,,"195,874,740",0.0005,
NGA18-4-22-1,22 Apr,2018,Borno,,8,,,"195,874,740",0.0041,
NGA18-4-22-1,22 Apr,2018,Kaduna,,6,,,"195,874,740",0.0031,
NGA18-4-22-1,22 Apr,2018,Kano,,38,,,"195,874,740",0.0194,
NGA18-4-22-1,22 Apr,2018,Yobe,,20,,,"195,874,740",0.0102,
NGA18-4-22-1,22 Apr,2018,Zamfara,,3,,,"195,874,740",0.0015,
NGA18-4-29-1,29 Apr,2018,,,527,4,0.759,"195,874,740",0.2690,0.0020
NGA18-4-29-1,29 Apr,2018,Bauchi,,371,,,"195,874,740",0.1894,
NGA18-4-29-1,29 Apr,2018,Borno,,9,,,"195,874,740",0.0046,
NGA18-4-29-1,29 Apr,2018,Ebonyi,,128,,,"195,874,740",0.0653,
NGA18-4-29-1,29 Apr,2018,Kaduna,,1,,,"195,874,740",0.0005,
NGA18-4-29-1,29 Apr,2018,Yobe,,15,,,"195,874,740",0.0077,
NGA18-4-29-1,29 Apr,2018,Zamfara,,3,,,"195,874,740",0.0015,
NGA18-4-29-2,29 Apr,2018,,,297,2,0.673,"195,874,740",0.1516,0.0010
NGA18-4-29-2,29 Apr,2018,Bauchi,,218,,,"195,874,740",0.1113,
NGA18-4-29-2,29 Apr,2018,Borno,,36,,,"195,874,740",0.0184,
NGA18-4-29-2,29 Apr,2018,Ebonyi,,1,,,"195,874,740",0.0005,
NGA18-4-29-2,29 Apr,2018,Federal Capital Territory ,,34,,,"195,874,740",0.0174,
NGA18-4-29-2,29 Apr,2018,Kaduna,,2,,,"195,874,740",0.0010,
NGA18-4-29-2,29 Apr,2018,Kano,,6,,,"195,874,740",0.0031,
NGA18-5-6-1,6 May,2018,,,733,0,0.000,"195,874,740",0.3742,
NGA18-5-6-1,6 May,2018,Abia,,2,,,"195,874,740",0.0010,
NGA18-5-6-1,6 May,2018,Bauchi,,695,,,"195,874,740",0.3548,
NGA18-5-6-1,6 May,2018,Borno,,29,,,"195,874,740",0.0148,
NGA18-5-6-1,6 May,2018,Federal Capital Territory ,,16,,,"195,874,740",0.0082,
NGA18-5-12-1,12 May,2018,Adamawa,,"1,500",25,1.667,"195,874,740",0.7658,0.0128
NGA18-5-20-1,20 May,2018,,,190,17,8.947,"195,874,740",0.0970,0.0087
NGA18-5-20-1,20 May,2018,Adamawa,,100,,,"195,874,740",0.0511,
NGA18-5-20-1,20 May,2018,Bauchi,,22,,,"195,874,740",0.0112,
NGA18-5-20-1,20 May,2018,Borno,,20,,,"195,874,740",0.0102,
NGA18-5-20-1,20 May,2018,,Kukawa,19,,,"195,874,740",0.0097,
NGA18-5-20-1,20 May,2018,Federal Capital Territory ,,1,,,"195,874,740",0.0005,
NGA18-5-20-1,20 May,2018,Kaduna,,2,,,"195,874,740",0.0010,
NGA18-5-20-1,20 May,2018,Kano,,44,,,"195,874,740",0.0225,
NGA18-5-20-1,20 May,2018,Zamfara,,1,,,"195,874,740",0.0005,
NGA18-5-20-1,20 May,2018,Adamawa,Mubi North,143,12,8.392,"195,874,740",0.0730,0.0061
NGA18-5-20-1,20 May,2018,Yobe,,"3,000",50,1.667,"195,874,740",1.5316,0.0255
NGA18-5-21-1,21 May,2018,Yobe,,404,15,3.713,"195,874,740",0.2063,0.0077
NGA18-5-21-1,21 May,2018,Yobe,Bade,379,15,3.958,"195,874,740",0.1935,0.0077
NGA18-5-21-1,21 May,2018,Yobe,Karasuwa,16,,,"195,874,740",0.0082,
NGA18-5-21-1,21 May,2018,Yobe,Kalusko,4,,,"195,874,740",0.0020,
NGA18-5-21-1,21 May,2018,Yobe,Yusufari,3,,,"195,874,740",0.0015,
NGA18-5-21-1,21 May,2018,Yobe,Bursari,2,,,"195,874,740",0.0010,
NGA18-5-27-1,27 May,2018,,,832,8,0.962,"195,874,740",0.4248,0.0041
NGA18-5-27-1,27 May,2018,Adamawa,,382,,,"195,874,740",0.1950,
NGA18-5-27-1,27 May,2018,Bauchi,,324,,,"195,874,740",0.1654,
NGA18-5-27-1,27 May,2018,Borno ,,20,,,"195,874,740",0.0102,
NGA18-5-27-1,27 May,2018,Kano,,22,,,"195,874,740",0.0112,
NGA18-5-27-1,27 May,2018,Plateau,,72,,,"195,874,740",0.0368,
NGA18-5-27-1,27 May,2018,Zamfara,,12,,,"195,874,740",0.0061,
NGA18-5-27-2,27 May,2018,Adamawa,,482,13,2.697,"195,874,740",0.2461,0.0066
NGA18-5-27-2,27 May,2018,Adamawa,Mubi South ,247,6,2.429,"195,874,740",0.1261,0.0031
NGA18-5-27-2,27 May,2018,Adamawa,Mubi North,235,7,2.979,"195,874,740",0.1200,0.0036
NGA18-6-3-1,3 Jun,2018,,,910,6,0.659,"195,874,740",0.4646,0.0031
NGA18-6-3-1,3 Jun,2018,Adamawa,,423,,,"195,874,740",0.2160,
NGA18-6-3-1,3 Jun,2018,Bauchi,,344,,,"195,874,740",0.1756,
NGA18-6-3-1,3 Jun,2018,Borno,,20,,,"195,874,740",0.0102,
NGA18-6-3-1,3 Jun,2018,Kano,,11,,,"195,874,740",0.0056,
NGA18-6-3-1,3 Jun,2018,Plateau,,37,,,"195,874,740",0.0189,
NGA18-6-3-1,3 Jun,2018,Zamfara,,75,,,"195,874,740",0.0383,
NGA18-6-3-2,3 Jun,2018,Borno,,808,3,0.371,"195,874,740",0.4125,0.0015
NGA18-6-3-2,3 Jun,2018,Borno,Kukawa,769,,,"195,874,740",0.3926,
NGA18-6-3-2,3 Jun,2018,Borno,Banki,31,,,"195,874,740",0.0158,
NGA18-6-3-2,3 Jun,2018,Borno,El-minskin,6,,,"195,874,740",0.0031,
NGA18-6-3-2,3 Jun,2018,Borno,Damboa,2,,,"195,874,740",0.0010,
NGA18-6-7-1,7 Jun,2018,Plateau,,93,3,3.226,"195,874,740",0.0475,0.0015
NGA18-6-10-1,10 Jun,2018,,,800,7,0.875,"195,874,740",0.4084,0.0036
NGA18-6-10-1,10 Jun,2018,Adamawa,,101,,,"195,874,740",0.0516,
NGA18-6-10-1,10 Jun,2018,Bauchi,,268,,,"195,874,740",0.1368,
NGA18-6-10-1,10 Jun,2018,Borno,,7,,,"195,874,740",0.0036,
NGA18-6-10-1,10 Jun,2018,Kano,,42,,,"195,874,740",0.0214,
NGA18-6-10-1,10 Jun,2018,Plateau,,131,,,"195,874,740",0.0669,
NGA18-6-10-1,10 Jun,2018,Zamfara,,251,,,"195,874,740",0.1281,
NGA18-6-10-1,10 Jun,2018,Adamawa,,"1,227",20,1.630,"195,874,740",0.6264,0.0102
NGA18-6-10-1,10 Jun,2018,Adamawa,Mubi South ,693,9,1.299,"195,874,740",0.3538,0.0046
NGA18-6-10-1,10 Jun,2018,Adamawa,Mubi North,526,11,2.091,"195,874,740",0.2685,0.0056
NGA18-6-10-1,10 Jun,2018,Adamawa,Hong,5,,,"195,874,740",0.0026,
NGA18-6-10-1,10 Jun,2018,Adamawa,Maiha,3,,,"195,874,740",0.0015,
NGA18-6-17-1,17 Jun,2018,,,725,9,1.241,"195,874,740",0.3701,0.0046
NGA18-6-17-1,17 Jun,2018,Adamawa,,80,,,"195,874,740",0.0408,
NGA18-6-17-1,17 Jun,2018,Bauchi,,323,,,"195,874,740",0.1649,
NGA18-6-17-1,17 Jun,2018,Borno,,2,,,"195,874,740",0.0010,
NGA18-6-17-1,17 Jun,2018,Kaduna,,1,,,"195,874,740",0.0005,
NGA18-6-17-1,17 Jun,2018,Kano,,42,,,"195,874,740",0.0214,
NGA18-6-17-1,17 Jun,2018,Kogi,,20,,,"195,874,740",0.0102,
NGA18-6-17-1,17 Jun,2018,Plateau,,19,,,"195,874,740",0.0097,
NGA18-6-17-1,17 Jun,2018,Zamfara,,238,,,"195,874,740",0.1215,
NGA18-6-24-1,24 Jun,2018,,,828,9,1.087,"195,874,740",0.4227,0.0046
NGA18-6-24-1,24 Jun,2018,Adamawa,,29,,,"195,874,740",0.0148,
NGA18-6-24-1,24 Jun,2018,Bauchi,,183,,,"195,874,740",0.0934,
NGA18-6-24-1,24 Jun,2018,Borno,,27,,,"195,874,740",0.0138,
NGA18-6-24-1,24 Jun,2018,Federal Capital Territory ,,2,,,"195,874,740",0.0010,
NGA18-6-24-1,24 Jun,2018,Gombe,,41,,,"195,874,740",0.0209,
NGA18-6-24-1,24 Jun,2018,Jigawa,,13,,,"195,874,740",0.0066,
NGA18-6-24-1,24 Jun,2018,Kaduna,,11,,,"195,874,740",0.0056,
NGA18-6-24-1,24 Jun,2018,Kano,,110,,,"195,874,740",0.0562,
NGA18-6-24-1,24 Jun,2018,Katsina,,45,,,"195,874,740",0.0230,
NGA18-6-24-1,24 Jun,2018,Kogi,,4,,,"195,874,740",0.0020,
NGA18-6-24-1,24 Jun,2018,Plateau,,24,,,"195,874,740",0.0123,
NGA18-6-24-1,24 Jun,2018,Zamfara,,339,,,"195,874,740",0.1731,
NGA18-6-24-2,24 Jun,2018,Adamawa,,"1,412",25,1.771,"195,874,740",0.7209,0.0128
NGA18-6-24-2,24 Jun,2018,Adamawa,Mubi South ,819,12,,"195,874,740",0.4181,0.0061
NGA18-6-24-2,24 Jun,2018,Adamawa,Mubi North,565,13,,"195,874,740",0.2884,0.0066
NGA18-6-24-2,24 Jun,2018,Adamawa,Maiha,21,,,"195,874,740",0.0107,
NGA18-6-24-2,24 Jun,2018,Adamawa,Hong,7,,,"195,874,740",0.0036,
NGA18-7-1-1,1 Jul,2018,,,744,14,1.882,"195,874,740",0.3798,0.0071
NGA18-7-1-1,1 Jul,2018,Adamawa,,42,,,"195,874,740",0.0214,
NGA18-7-1-1,1 Jul,2018,Bauchi,,178,,,"195,874,740",0.0909,
NGA18-7-1-1,1 Jul,2018,Borno,,47,,,"195,874,740",0.0240,
NGA18-7-1-1,1 Jul,2018,Federal Capital Territory ,,1,,,"195,874,740",0.0005,
NGA18-7-1-1,1 Jul,2018,Gombe,,23,,,"195,874,740",0.0117,
NGA18-7-1-1,1 Jul,2018,Kaduna,,70,,,"195,874,740",0.0357,
NGA18-7-1-1,1 Jul,2018,Kano,,81,,,"195,874,740",0.0414,
NGA18-7-1-1,1 Jul,2018,Katsina,,54,,,"195,874,740",0.0276,
NGA18-7-1-1,1 Jul,2018,Kogi,,3,,,"195,874,740",0.0015,
NGA18-7-1-1,1 Jul,2018,Plateau,,10,,,"195,874,740",0.0051,
NGA18-7-1-1,1 Jul,2018,Zamfara,,235,,,"195,874,740",0.1200,
NGA18-7-8-1,8 Jul,2018,,,469,8,1.706,"195,874,740",0.2394,0.0041
NGA18-7-8-1,8 Jul,2018,Adamawa,,45,,,"195,874,740",0.0230,
NGA18-7-8-1,8 Jul,2018,Bauchi,,115,,,"195,874,740",0.0587,
NGA18-7-8-1,8 Jul,2018,Borno,,5,,,"195,874,740",0.0026,
NGA18-7-8-1,8 Jul,2018,Gombe,,7,,,"195,874,740",0.0036,
NGA18-7-8-1,8 Jul,2018,Kano,,122,,,"195,874,740",0.0623,
NGA18-7-8-1,8 Jul,2018,Katsina,,30,,,"195,874,740",0.0153,
NGA18-7-8-1,8 Jul,2018,Kogi,,16,,,"195,874,740",0.0082,
NGA18-7-8-1,8 Jul,2018,Zamfara,,129,,,"195,874,740",0.0659,
NGA18-7-15-1,15 Jul,2018,,,671,8,1.192,"195,874,740",0.3426,0.0041
NGA18-7-15-1,15 Jul,2018,Adamawa,,51,,,"195,874,740",0.0260,
NGA18-7-15-1,15 Jul,2018,Bauchi,,95,,,"195,874,740",0.0485,
NGA18-7-15-1,15 Jul,2018,Borno,,28,,,"195,874,740",0.0143,
NGA18-7-15-1,15 Jul,2018,Cross River,,2,,,"195,874,740",0.0010,
NGA18-7-15-1,15 Jul,2018,Gombe,,3,,,"195,874,740",0.0015,
NGA18-7-15-1,15 Jul,2018,Kaduna,,13,,,"195,874,740",0.0066,
NGA18-7-15-1,15 Jul,2018,Kano,,101,,,"195,874,740",0.0516,
NGA18-7-15-1,15 Jul,2018,Plateau,,28,,,"195,874,740",0.0143,
NGA18-7-15-1,15 Jul,2018,Zamfara,,350,,,"195,874,740",0.1787,
NGA18-7-15-2,15 Jul,2018,,,367,4,1.090,"195,874,740",0.1874,0.0020
NGA18-7-15-2,15 Jul,2018,Adamawa,,42,,,"195,874,740",0.0214,
NGA18-7-15-2,15 Jul,2018,Bauchi,,56,,,"195,874,740",0.0286,
NGA18-7-15-2,15 Jul,2018,Katsina,,68,,,"195,874,740",0.0347,
NGA18-7-15-2,15 Jul,2018,Niger,,14,,,"195,874,740",0.0071,
NGA18-7-15-2,15 Jul,2018,Plateau,,11,,,"195,874,740",0.0056,
NGA18-7-15-2,15 Jul,2018,Zamfara,,176,,,"195,874,740",0.0899,
NGA18-7-22-1,22 Jul,2018,,,191,8,4.188,"195,874,740",0.0975,0.0041
NGA18-7-22-1,22 Jul,2018,Adamawa,,24,,,"195,874,740",0.0123,
NGA18-7-22-1,22 Jul,2018,Bauchi,,6,,,"195,874,740",0.0031,
NGA18-7-22-1,22 Jul,2018,Borno,,4,,,"195,874,740",0.0020,
NGA18-7-22-1,22 Jul,2018,Gombe,,1,,,"195,874,740",0.0005,
NGA18-7-22-1,22 Jul,2018,Jigawa,,10,,,"195,874,740",0.0051,
NGA18-7-22-1,22 Jul,2018,Kano,,60,,,"195,874,740",0.0306,
NGA18-7-22-1,22 Jul,2018,Katsina,,86,,,"195,874,740",0.0439,
NGA18-7-29-1,29 Jul,2018,,,534,12,2.247,"195,874,740",0.2726,0.0061
NGA18-7-29-1,29 Jul,2018,Adamawa,,11,,,"195,874,740",0.0056,
NGA18-7-29-1,29 Jul,2018,Bauchi,,2,,,"195,874,740",0.0010,
NGA18-7-29-1,29 Jul,2018,Bayelsa,,1,,,"195,874,740",0.0005,
NGA18-7-29-1,29 Jul,2018,Borno,,27,,,"195,874,740",0.0138,
NGA18-7-29-1,29 Jul,2018,Ebonyi,,5,,,"195,874,740",0.0026,
NGA18-7-29-1,29 Jul,2018,Federal Capital Territory ,,20,,,"195,874,740",0.0102,
NGA18-7-29-1,29 Jul,2018,Kaduna,,10,,,"195,874,740",0.0051,
NGA18-7-29-1,29 Jul,2018,Kano,,130,,,"195,874,740",0.0664,
NGA18-7-29-1,29 Jul,2018,Katsina,,104,,,"195,874,740",0.0531,
NGA18-7-29-1,29 Jul,2018,Yobe,,19,,,"195,874,740",0.0097,
NGA18-7-29-1,29 Jul,2018,Zamfara,,204,,,"195,874,740",0.1041,
NGA18-8-5-1,5 Aug,2018,,,595,12,2.017,"195,874,740",0.3038,0.0061
NGA18-8-5-1,5 Aug,2018,Abia,,4,,,"195,874,740",0.0020,
NGA18-8-5-1,5 Aug,2018,Adamawa,,4,,,"195,874,740",0.0020,
NGA18-8-5-1,5 Aug,2018,Borno,,9,,,"195,874,740",0.0046,
NGA18-8-5-1,5 Aug,2018,Ebonyi,,9,,,"195,874,740",0.0046,
NGA18-8-5-1,5 Aug,2018,Ekiti,,1,,,"195,874,740",0.0005,
NGA18-8-5-1,5 Aug,2018,Federal Capital Territory ,,20,,,"195,874,740",0.0102,
NGA18-8-5-1,5 Aug,2018,Kaduna,,24,,,"195,874,740",0.0123,
NGA18-8-5-1,5 Aug,2018,Kano,,119,,,"195,874,740",0.0608,
NGA18-8-5-1,5 Aug,2018,Katsina,,122,,,"195,874,740",0.0623,
NGA18-8-5-1,5 Aug,2018,Yobe,,3,,,"195,874,740",0.0015,
NGA18-8-5-1,5 Aug,2018,Zamfara,,280,,,"195,874,740",0.1429,
NGA18-8-12-1,12 Aug,2018,,,962,18,1.871,"195,874,740",0.4911,0.0092
NGA18-8-12-1,12 Aug,2018,Adamawa,,2,,,"195,874,740",0.0010,
NGA18-8-12-1,12 Aug,2018,Bauchi,,2,,,"195,874,740",0.0010,
NGA18-8-12-1,12 Aug,2018,Borno,,10,,,"195,874,740",0.0051,
NGA18-8-12-1,12 Aug,2018,Federal Capital Territory ,,6,,,"195,874,740",0.0031,
NGA18-8-12-1,12 Aug,2018,Jigawa,,32,,,"195,874,740",0.0163,
NGA18-8-12-1,12 Aug,2018,Kaduna,,21,,,"195,874,740",0.0107,
NGA18-8-12-1,12 Aug,2018,Kano,,135,,,"195,874,740",0.0689,
NGA18-8-12-1,12 Aug,2018,Katsina,,136,,,"195,874,740",0.0694,
NGA18-8-12-1,12 Aug,2018,Yobe,,18,,,"195,874,740",0.0092,
NGA18-8-12-1,12 Aug,2018,Zamfara,,600,,,"195,874,740",0.3063,
NGA18-8-12-2,12 Aug,2018,,,898,22,2.450,"195,874,740",0.4585,0.0112
NGA18-8-12-2,12 Aug,2018,Zamfara,,575,2,0.348,"195,874,740",0.2936,0.0010
NGA18-8-12-2,12 Aug,2018,Katsina,,171,4,2.339,"195,874,740",0.0873,0.0020
NGA18-8-12-2,12 Aug,2018,Sokoto,,152,16,10.526,"195,874,740",0.0776,0.0082
NGA18-8-18-1,18 Aug,2018,,,57,0,0.000,"195,874,740",0.0291,
NGA18-8-18-1,18 Aug,2018,Adamawa,,55,,,"195,874,740",0.0281,
NGA18-8-18-1,18 Aug,2018,Katsina,,2,,,"195,874,740",0.0010,
NGA18-8-26-1,26 Aug,2018,,,452,22,4.867,"195,874,740",0.2308,0.0112
NGA18-8-26-1,26 Aug,2018,Bauchi,,3,,,"195,874,740",0.0015,
NGA18-8-26-1,26 Aug,2018,Borno,,38,,,"195,874,740",0.0194,
NGA18-8-26-1,26 Aug,2018,Kaduna,,20,,,"195,874,740",0.0102,
NGA18-8-26-1,26 Aug,2018,Kano,,169,,,"195,874,740",0.0863,
NGA18-8-26-1,26 Aug,2018,Zamfara,,222,,,"195,874,740",0.1133,
NGA18-9-2-1,2 Sep,2018,,,"1,446",20,1.383,"195,874,740",0.7382,0.0102
NGA18-9-2-1,2 Sep,2018,Adamawa,,63,,,"195,874,740",0.0322,
NGA18-9-2-1,2 Sep,2018,Bauchi,,1,,,"195,874,740",0.0005,
NGA18-9-2-1,2 Sep,2018,Borno,,84,,,"195,874,740",0.0429,
NGA18-9-2-1,2 Sep,2018,Gombe,,1,,,"195,874,740",0.0005,
NGA18-9-2-1,2 Sep,2018,Kaduna,,8,,,"195,874,740",0.0041,
NGA18-9-2-1,2 Sep,2018,Kano,,153,,,"195,874,740",0.0781,
NGA18-9-2-1,2 Sep,2018,Katsina,,380,,,"195,874,740",0.1940,
NGA18-9-2-1,2 Sep,2018,Kebbi,,187,,,"195,874,740",0.0955,
NGA18-9-2-1,2 Sep,2018,Oyo,,1,,,"195,874,740",0.0005,
NGA18-9-2-1,2 Sep,2018,Zamfara,,568,,,"195,874,740",0.2900,
NGA18-9-9-1,9 Sep,2018,,,"1,715",38,2.216,"195,874,740",0.8756,0.0194
NGA18-9-9-1,9 Sep,2018,Adamawa,,151,,,"195,874,740",0.0771,
NGA18-9-9-1,9 Sep,2018,Bauchi,,4,,,"195,874,740",0.0020,
NGA18-9-9-1,9 Sep,2018,Borno,,165,,,"195,874,740",0.0842,
NGA18-9-9-1,9 Sep,2018,Ebonyi,,1,,,"195,874,740",0.0005,
NGA18-9-9-1,9 Sep,2018,Gombe,,88,,,"195,874,740",0.0449,
NGA18-9-9-1,9 Sep,2018,Kaduna,,11,,,"195,874,740",0.0056,
NGA18-9-9-1,9 Sep,2018,Kano,,216,,,"195,874,740",0.1103,
NGA18-9-9-1,9 Sep,2018,Katsina,,439,,,"195,874,740",0.2241,
NGA18-9-9-1,9 Sep,2018,Kebbi,,11,,,"195,874,740",0.0056,
NGA18-9-9-1,9 Sep,2018,Zamfara,,629,,,"195,874,740",0.3211,
NGA18-9-13-1,13 Sep,2018,Borno,,"1,102",21,1.906,"195,874,740",0.5626,0.0107
NGA18-9-13-1,13 Sep,2018,Borno,Jere,414,,,"195,874,740",0.2114,
NGA18-9-13-1,13 Sep,2018,Borno,Maiduguri,243,,,"195,874,740",0.1241,
NGA18-9-13-1,13 Sep,2018,Borno,Magumeri,243,,,"195,874,740",0.1241,
NGA18-9-13-1,13 Sep,2018,Borno,Kaga,29,,,"195,874,740",0.0148,
NGA18-9-13-1,13 Sep,2018,Borno,Konduga,63,,,"195,874,740",0.0322,
NGA18-9-13-1,13 Sep,2018,Borno,Chibok,96,,,"195,874,740",0.0490,
NGA18-9-13-1,13 Sep,2018,Borno,Shani,11,,,"195,874,740",0.0056,
NGA18-9-13-1,13 Sep,2018,Borno,Damboa,8,,,"195,874,740",0.0041,
NGA18-9-16-1,16 Sep,2018,,,"2,126",38,1.787,"195,874,740",1.0854,0.0194
NGA18-9-16-1,16 Sep,2018,Adamawa,,69,,,"195,874,740",0.0352,
NGA18-9-16-1,16 Sep,2018,Bauchi,,3,,,"195,874,740",0.0015,
NGA18-9-16-1,16 Sep,2018,Borno,,281,,,"195,874,740",0.1435,
NGA18-9-16-1,16 Sep,2018,Ebonyi,,1,,,"195,874,740",0.0005,
NGA18-9-16-1,16 Sep,2018,Gombe,,94,,,"195,874,740",0.0480,
NGA18-9-16-1,16 Sep,2018,Kaduna,,3,,,"195,874,740",0.0015,
NGA18-9-16-1,16 Sep,2018,Kano,,110,,,"195,874,740",0.0562,
NGA18-9-16-1,16 Sep,2018,Katsina,,263,,,"195,874,740",0.1343,
NGA18-9-16-1,16 Sep,2018,Kwara,,6,,,"195,874,740",0.0031,
NGA18-9-16-1,16 Sep,2018,Lagos,,3,,,"195,874,740",0.0015,
NGA18-9-16-1,16 Sep,2018,Osun,,1,,,"195,874,740",0.0005,
NGA18-9-16-1,16 Sep,2018,Yobe,,252,,,"195,874,740",0.1287,
NGA18-9-16-1,16 Sep,2018,Zamfara,,"1,040",,,"195,874,740",0.5310,
NGA18-9-16-2,16 Sep,2018,Adamawa,,"2,105",34,1.615,"195,874,740",1.0747,0.0174
NGA18-9-16-2,16 Sep,2018,Adamawa,Fufore,369,7,1.897,"195,874,740",0.1884,0.0036
NGA18-9-16-2,16 Sep,2018,Adamawa,Hong,9,0,0.000,"195,874,740",0.0046,
NGA18-9-16-2,16 Sep,2018,Adamawa,Maiha,170,1,0.588,"195,874,740",0.0868,0.0005
NGA18-9-16-2,16 Sep,2018,Adamawa,Mubi North,639,14,2.191,"195,874,740",0.3262,0.0071
NGA18-9-16-2,16 Sep,2018,Adamawa,Mubi South ,918,12,1.307,"195,874,740",0.4687,0.0061
NGA18-9-17-1,17 Sep,2018,Yobe ,,932,61,6.545,"195,874,740",0.4758,0.0311
NGA18-9-17-1,17 Sep,2018,Yobe ,Gulani,286,,,"195,874,740",0.1460,
NGA18-9-17-1,17 Sep,2018,Yobe ,Damaturu,225,,,"195,874,740",0.1149,
NGA18-9-17-1,17 Sep,2018,Yobe ,Fune,102,,,"195,874,740",0.0521,
NGA18-9-17-1,17 Sep,2018,Yobe ,Potiskum,54,,,"195,874,740",0.0276,
NGA18-9-17-1,17 Sep,2018,Yobe ,Gujba,265,,,"195,874,740",0.1353,
NGA18-9-23-1,23 Sep,2018,,,"2,492",44,1.766,"195,874,740",1.2722,0.0225
NGA18-9-23-1,23 Sep,2018,Adamawa,,94,,,"195,874,740",0.0480,
NGA18-9-23-1,23 Sep,2018,Borno,,824,,,"195,874,740",0.4207,
NGA18-9-23-1,23 Sep,2018,Gombe,,77,,,"195,874,740",0.0393,
NGA18-9-23-1,23 Sep,2018,Kaduna,,7,,,"195,874,740",0.0036,
NGA18-9-23-1,23 Sep,2018,Kano,,151,,,"195,874,740",0.0771,
NGA18-9-23-1,23 Sep,2018,Katsina,,529,,,"195,874,740",0.2701,
NGA18-9-23-1,23 Sep,2018,Kwara,,4,,,"195,874,740",0.0020,
NGA18-9-23-1,23 Sep,2018,Osun,,1,,,"195,874,740",0.0005,
NGA18-9-23-1,23 Sep,2018,Yobe,,233,,,"195,874,740",0.1190,
NGA18-9-23-1,23 Sep,2018,Zamfara,,572,,,"195,874,740",0.2920,
NGA18-9-30-1,30 Sep,2018,,,"2,052",18,0.877,"195,874,740",1.0476,0.0092
NGA18-9-30-1,30 Sep,2018,Adamawa,,107,,,"195,874,740",0.0546,
NGA18-9-30-1,30 Sep,2018,Borno,,701,,,"195,874,740",0.3579,
NGA18-9-30-1,30 Sep,2018,Gombe,,90,,,"195,874,740",0.0459,
NGA18-9-30-1,30 Sep,2018,Kaduna,,2,,,"195,874,740",0.0010,
NGA18-9-30-1,30 Sep,2018,Katsina,,585,,,"195,874,740",0.2987,
NGA18-9-30-1,30 Sep,2018,Yobe ,,162,,,"195,874,740",0.0827,
NGA18-9-30-1,30 Sep,2018,Zamfara,,404,,,"195,874,740",0.2063,
NGA18-10-4-1,4 Oct,2018,Yobe,,1319,61,4.625,"195,874,740",0.6734,0.0311
NGA18-10-4-1,4 Oct,2018,Yobe,Gulani,420,,,"195,874,740",0.2144,
NGA18-10-4-1,4 Oct,2018,Yobe,Gujba,367,,,"195,874,740",0.1874,
NGA18-10-4-1,4 Oct,2018,Yobe,Damaturu,317,,,"195,874,740",0.1618,
NGA18-10-14-1,14 Oct,2018,,,"1,226",5,0.408,"195,874,740",0.6259,0.0026
NGA18-10-14-1,14 Oct,2018,Adamawa,,92,,,"195,874,740",0.0470,
NGA18-10-14-1,14 Oct,2018,Bauchi,,2,,,"195,874,740",0.0010,
NGA18-10-14-1,14 Oct,2018,Borno,,291,,,"195,874,740",0.1486,
NGA18-10-14-1,14 Oct,2018,Gombe,,56,,,"195,874,740",0.0286,
NGA18-10-14-1,14 Oct,2018,Kaduna,,12,,,"195,874,740",0.0061,
NGA18-10-14-1,14 Oct,2018,Katsina,,457,,,"195,874,740",0.2333,
NGA18-10-14-1,14 Oct,2018,Kebbi,,3,,,"195,874,740",0.0015,
NGA18-10-14-1,14 Oct,2018,Kogi,,2,,,"195,874,740",0.0010,
NGA18-10-14-1,14 Oct,2018,Oyo,,2,,,"195,874,740",0.0010,
NGA18-10-14-1,14 Oct,2018,Taraba,,1,,,"195,874,740",0.0005,
NGA18-10-14-1,14 Oct,2018,Yobe ,,76,,,"195,874,740",0.0388,
NGA18-10-14-1,14 Oct,2018,Zamfara,,230,,,"195,874,740",0.1174,
NGA18-10-21-1,21 Oct,2018,,,954,8,0.839,"195,874,740",0.4870,0.0041
NGA18-10-21-1,21 Oct,2018,Adamawa,,101,,,"195,874,740",0.0516,
NGA18-10-21-1,21 Oct,2018,Bauchi,,11,,,"195,874,740",0.0056,
NGA18-10-21-1,21 Oct,2018,Borno,,328,,,"195,874,740",0.1675,
NGA18-10-21-1,21 Oct,2018,Enugu,,8,,,"195,874,740",0.0041,
NGA18-10-21-1,21 Oct,2018,Kaduna,,4,,,"195,874,740",0.0020,
NGA18-10-21-1,21 Oct,2018,Katsina,,299,,,"195,874,740",0.1526,
NGA18-10-21-1,21 Oct,2018,Yobe,,95,,,"195,874,740",0.0485,
NGA18-10-21-1,21 Oct,2018,Zamfara,,108,,,"195,874,740",0.0551,
NGA18-10-28-1,28 Oct,2018,,,454,8,1.762,"195,874,740",0.2318,0.0041
NGA18-10-28-1,28 Oct,2018,Adamawa,,106,,,"195,874,740",0.0541,
NGA18-10-28-1,28 Oct,2018,Bauchi,,5,,,"195,874,740",0.0026,
NGA18-10-28-1,28 Oct,2018,Borno,,197,,,"195,874,740",0.1006,
NGA18-10-28-1,28 Oct,2018,Gombe,,7,,,"195,874,740",0.0036,
NGA18-10-28-1,28 Oct,2018,Kano,,4,,,"195,874,740",0.0020,
NGA18-10-28-1,28 Oct,2018,Katsina,,22,,,"195,874,740",0.0112,
NGA18-10-28-1,28 Oct,2018,Yobe,,76,,,"195,874,740",0.0388,
NGA18-10-28-1,28 Oct,2018,Zamfara,,37,,,"195,874,740",0.0189,
NGA18-11-4-1,4 Nov,2018,,,342,40,11.696,"195,874,740",0.1746,0.0204
NGA18-11-4-1,4 Nov,2018,Adamawa,,28,,,"195,874,740",0.0143,
NGA18-11-4-1,4 Nov,2018,Bauchi,,9,,,"195,874,740",0.0046,
NGA18-11-4-1,4 Nov,2018,Borno,,197,,,"195,874,740",0.1006,
NGA18-11-4-1,4 Nov,2018,Edo,,9,,,"195,874,740",0.0046,
NGA18-11-4-1,4 Nov,2018,Gombe,,15,,,"195,874,740",0.0077,
NGA18-11-4-1,4 Nov,2018,Kaduna,,2,,,"195,874,740",0.0010,
NGA18-11-4-1,4 Nov,2018,Kano,,2,,,"195,874,740",0.0010,
NGA18-11-4-1,4 Nov,2018,Katsina,,23,,,"195,874,740",0.0117,
NGA18-11-4-1,4 Nov,2018,Kwara,,1,,,"195,874,740",0.0005,
NGA18-11-4-1,4 Nov,2018,Osun,,2,,,"195,874,740",0.0010,
NGA18-11-4-1,4 Nov,2018,Oyo,,2,,,"195,874,740",0.0010,
NGA18-11-4-1,4 Nov,2018,Yobe,,44,,,"195,874,740",0.0225,
NGA18-11-4-1,4 Nov,2018,Zamfara,,8,,,"195,874,740",0.0041,
NGA18-11-11-1,11 Nov,2018,,,175,2,1.143,"195,874,740",0.0893,0.0010
NGA18-11-11-1,11 Nov,2018,Adamawa,,12,,,"195,874,740",0.0061,
NGA18-11-11-1,11 Nov,2018,Borno,,86,,,"195,874,740",0.0439,
NGA18-11-11-1,11 Nov,2018,Gombe,,1,,,"195,874,740",0.0005,
NGA18-11-11-1,11 Nov,2018,Kaduna,,4,,,"195,874,740",0.0020,
NGA18-11-11-1,11 Nov,2018,Kano,,32,,,"195,874,740",0.0163,
NGA18-11-11-1,11 Nov,2018,Katsina,,2,,,"195,874,740",0.0010,
NGA18-11-11-1,11 Nov,2018,Oyo,,2,,,"195,874,740",0.0010,
NGA18-11-11-1,11 Nov,2018,Yobe,,36,,,"195,874,740",0.0184,
NGA18-11-12-1,12 Nov,2018,,,"10,000",175,1.750,"195,874,740",5.1053,0.0893
NGA18-11-12-1,12 Nov,2018,Borno,,,,,"195,874,740",0.0000,
NGA18-11-12-1,12 Nov,2018,Adamawa,,,,,"195,874,740",0.0000,
NGA18-11-12-1,12 Nov,2018,Yobe,,,,,"195,874,740",0.0000,
NGA18-11-18-1,18 Nov,2018,,,47,2,4.255,"195,874,740",0.0240,0.0010
NGA18-11-18-1,18 Nov,2018,Adamawa,,1,,,"195,874,740",0.0005,
NGA18-11-18-1,18 Nov,2018,Borno,,20,,,"195,874,740",0.0102,
NGA18-11-18-1,18 Nov,2018,Kaduna,,7,,,"195,874,740",0.0036,
NGA18-11-18-1,18 Nov,2018,Kano,,4,,,"195,874,740",0.0020,
NGA18-11-18-1,18 Nov,2018,Kwara,,1,,,"195,874,740",0.0005,
NGA18-11-18-1,18 Nov,2018,Osun,,1,,,"195,874,740",0.0005,
NGA18-11-18-1,18 Nov,2018,Yobe,,13,,,"195,874,740",0.0066,
NGA18-11-25-1,25 Nov,2018,,,61,0,0.000,"195,874,740",0.0311,
NGA18-11-25-1,25 Nov,2018,Adamawa,,6,,,"195,874,740",0.0031,
NGA18-11-25-1,25 Nov,2018,Bauchi,,1,,,"195,874,740",0.0005,
NGA18-11-25-1,25 Nov,2018,Borno,,16,,,"195,874,740",0.0082,
NGA18-11-25-1,25 Nov,2018,Cross River,,2,,,"195,874,740",0.0010,
NGA18-11-25-1,25 Nov,2018,Kano,,17,,,"195,874,740",0.0087,
NGA18-11-25-1,25 Nov,2018,Katsina,,3,,,"195,874,740",0.0015,
NGA18-11-25-1,25 Nov,2018,Osun,,1,,,"195,874,740",0.0005,
NGA18-11-25-1,25 Nov,2018,Yobe,,15,,,"195,874,740",0.0077,
NGA18-12-2-1,2 Dec,2018,,,62,5,8.065,"195,874,740",0.0317,0.0026
NGA18-12-2-1,2 Dec,2018,Bayelsa,,1,,,"195,874,740",0.0005,
NGA18-12-2-1,2 Dec,2018,Borno,,9,,,"195,874,740",0.0046,
NGA18-12-2-1,2 Dec,2018,Cross River,,2,,,"195,874,740",0.0010,
NGA18-12-2-1,2 Dec,2018,Kano,,34,,,"195,874,740",0.0174,
NGA18-12-2-1,2 Dec,2018,Katsina,,1,,,"195,874,740",0.0005,
NGA18-12-2-1,2 Dec,2018,Yobe,,15,,,"195,874,740",0.0077,
NGA18-12-9-1,9 Dec,2018,,,37,3,8.108,"195,874,740",0.0189,0.0015
NGA18-12-9-1,9 Dec,2018,Bauchi,,1,,,"195,874,740",0.0005,
NGA18-12-9-1,9 Dec,2018,Borno,,26,,,"195,874,740",0.0133,
NGA18-12-9-1,9 Dec,2018,Kaduna,,2,,,"195,874,740",0.0010,
NGA18-12-9-1,9 Dec,2018,Kano,,6,,,"195,874,740",0.0031,
NGA18-12-9-1,9 Dec,2018,Kwara,,1,,,"195,874,740",0.0005,
NGA18-12-9-1,9 Dec,2018,Yobe,,1,,,"195,874,740",0.0005,
NGA18-12-23-1,23 Dec,2018,,,6,0,0.000,"195,874,740",0.0031,0.0000
NGA18-12-23-1,23 Dec,2018,Bauchi,,1,,,"195,874,740",0.0005,
NGA18-12-23-1,23 Dec,2018,Kano,,5,,,"195,874,740",0.0026,
NGA18-12-23-1,23 Dec,2018,Borno,Gubio,8,1,12.500,"195,874,740",0.0041,0.0005
NGA19-1-6-1,6 Jan,2019,Bauchi,Dass,1,0,0.000,"200,963,599",0.0005,
NGA19-1-13-1,13 Jan,2019,,,18,0,0.000,"200,963,599",0.0090,
NGA19-1-13-1,13 Jan,2019,Ebonyi,,9,,,"200,963,599",0.0045,
NGA19-1-13-1,13 Jan,2019,Kano,,9,,,"200,963,599",0.0045,
NGA19-1-20-1,20 Jan,2019,,,29,1,3.448,"200,963,599",0.0144,0.0005
NGA19-1-20-1,20 Jan,2019,Bayelsa,,15,,,"200,963,599",0.0075,
NGA19-1-20-1,20 Jan,2019,Edo,,9,,,"200,963,599",0.0045,
NGA19-1-20-1,20 Jan,2019,Kano,,9,,,"200,963,599",0.0045,
NGA19-1-27-1,27 Jan,2019,,,14,3,21.429,"200,963,599",0.0070,0.0015
NGA19-1-27-1,27 Jan,2019,Ebonyi,,12,,,"200,963,599",0.0060,
NGA19-1-27-1,27 Jan,2019,Kano,,2,,,"200,963,599",0.0010,
NGA19-2-3-1,3 Feb,2019,,,7,0,0.000,"200,963,599",0.0035,
NGA19-2-3-1,3 Feb,2019,Enugu,,1,,,"200,963,599",0.0005,
NGA19-2-3-1,3 Feb,2019,Kano,,6,,,"200,963,599",0.0030,
NGA19-2-10-1,10 Feb,2019,Kano,,14,0,0.000,"200,963,599",0.0070,
NGA19-2-17-1,17 Feb,2019,,,33,0,0.000,"200,963,599",0.0164,
NGA19-2-17-1,17 Feb,2019,Bayelsa,,30,,,"200,963,599",0.0149,
NGA19-2-17-1,17 Feb,2019,Kano,,3,,,"200,963,599",0.0015,
NGA19-2-23-1,23 Feb,2019,Bayelsa,,75,6,8.000,"200,963,599",0.0373,0.0030
NGA19-3-3-1,3 Mar,2019,,,34,2,5.882,"200,963,599",0.0169,0.0010
NGA19-3-3-1,3 Mar,2019,Bayelsa,,28,,,"200,963,599",0.0139,
NGA19-3-3-1,3 Mar,2019,Kano,,6,,,"200,963,599",0.0030,
NGA19-3-10-1,10 Mar,2019,,,5,0,0.000,"200,963,599",0.0025,
NGA19-3-10-1,10 Mar,2019,Abia,,1,,,"200,963,599",0.0005,
NGA19-3-10-1,10 Mar,2019,Bayelsa,,1,,,"200,963,599",0.0005,
NGA19-3-10-1,10 Mar,2019,Kano,,3,,,"200,963,599",0.0015,
NGA19-3-11-1,11 Mar,2019,Bayelsa,,14,,,"200,963,599",0.0070,
NGA19-3-11-1,11 Mar,2019,Kano,,10,,,"200,963,599",0.0050,
NGA19-3-11-1,11 Mar,2019,Taraba,,1,,,"200,963,599",0.0005,
NGA19-3-17-1,17 Mar,2019,Bayelsa,,11,1,9.091,"200,963,599",0.0055,0.0005
NGA19-3-24-1,24 Mar,2019,,,25,3,12.000,"200,963,599",0.0124,0.0015
NGA19-3-24-1,24 Mar,2019,Bayelsa,,14,,,"200,963,599",0.0070,
NGA19-3-24-1,24 Mar,2019,Kano,,10,,,"200,963,599",0.0050,
NGA19-3-31-1,31 Mar,2019,,,12,0,0.000,"200,963,599",0.0060,
NGA19-3-31-1,31 Mar,2019,Abia,,1,,,"200,963,599",0.0005,
NGA19-3-31-1,31 Mar,2019,Bayelsa,,6,,,"200,963,599",0.0030,
NGA19-3-31-1,31 Mar,2019,Ebonyi,,2,,,"200,963,599",0.0010,
NGA19-3-31-1,31 Mar,2019,Kano,,3,,,"200,963,599",0.0015,
NGA19-3-24-1,24 Mar,2019,Taraba,,1,,,"200,963,599",0.0005,
NGA19-4-8-1,8 Apr,2019,,,91,4,4.396,"200,963,599",0.0453,0.0020
NGA19-4-8-1,8 Apr,2019,Abia,,1,,,"200,963,599",0.0005,
NGA19-4-8-1,8 Apr,2019,Bayelsa,,53,,,"200,963,599",0.0264,
NGA19-4-8-1,8 Apr,2019,Borno,,2,,,"200,963,599",0.0010,
NGA19-4-8-1,8 Apr,2019,Cross River,,32,,,"200,963,599",0.0159,
NGA19-4-8-1,8 Apr,2019,Kano,,2,,,"200,963,599",0.0010,
NGA19-4-15-1,15 Apr,2019,Bayelsa,,6,,,"200,963,599",0.0030,
NGA19-4-15-1,15 Apr,2019,Kano,,4,,,"200,963,599",0.0020,
NGA19-4-15-1,15 Apr,2019,Ebonyi,,2,,,"200,963,599",0.0010,
NGA19-4-16-1,16 Apr,2019,,,96,0,0.000,"200,963,599",0.0478,
NGA19-4-16-1,16 Apr,2019,Bayelsa,,95,,,"200,963,599",0.0473,
NGA19-4-16-1,16 Apr,2019,Ondo,,1,,,"200,963,599",0.0005,
NGA19-4-24-1,24 Apr,2019,,,85,0,0.000,"200,963,599",0.0423,
NGA19-4-24-1,24 Apr,2019,Bayelsa,,82,,,"200,963,599",0.0408,
NGA19-4-24-1,24 Apr,2019,Cross River,,1,,,"200,963,599",0.0005,
NGA19-4-24-1,24 Apr,2019,Kano,,2,,,"200,963,599",0.0010,
NGA19-4-29-1,29 Apr,2019,,,47,0,0.000,"200,963,599",0.0234,
NGA19-4-29-1,29 Apr,2019,Bayelsa,,41,,,"200,963,599",0.0204,
NGA19-4-29-1,29 Apr,2019,Kano,,6,,,"200,963,599",0.0030,
NGA19-5-6-1,6 May,2019,,,12,0,0.000,"200,963,599",0.0060,
NGA19-5-6-1,6 May,2019,Bayelsa,,8,,,"200,963,599",0.0040,
NGA19-5-6-1,6 May,2019,Ebonyi,,2,,,"200,963,599",0.0010,
NGA19-5-6-1,6 May,2019,Ondo,,2,,,"200,963,599",0.0010,
NGA19-5-13-1,13 May,2019,,,17,0,0.000,"200,963,599",0.0085,
NGA19-5-13-1,13 May,2019,Bayelsa,,4,,,"200,963,599",0.0020,
NGA19-5-13-1,13 May,2019,Adamawa,,5,,,"200,963,599",0.0025,
NGA19-5-13-1,13 May,2019,Kano,,8,,,"200,963,599",0.0040,
NGA19-5-20-1,20 May,2019,,,26,0,0.000,"200,963,599",0.0129,
NGA19-5-20-1,20 May,2019,Ebonyi,,16,,,"200,963,599",0.0080,
NGA19-5-20-1,20 May,2019,Katsina,,10,,,"200,963,599",0.0050,
NGA19-5-20-1,20 May,2019,Bayelsa,,16,0,0.000,"200,963,599",0.0080,
NGA19-5-27-1,27 May,2019,Bayelsa,Ogbia,7,,,"200,963,599",0.0035,
NGA19-5-27-2,27 May,2019,Bayelsa,Yenogoa,9,,,"200,963,599",0.0045,
NGA19-6-3-1,3 Jun,2019,,,15,0,0.000,"200,963,599",0.0075,
NGA19-6-4-1,4 Jun,2019,Adamawa,,12,,,"200,963,599",0.0060,
NGA19-6-5-1,5 Jun,2019,Bayelsa,,2,,,"200,963,599",0.0010,
NGA19-6-6-1,6 Jun,2019,Oyo,,1,,,"200,963,599",0.0005,
NGA19-6-8-1,8 Jun,2019,Bayelsa,,16,,,"200,963,599",0.0080,
NGA19-6-8-1,8 Jun,2019,Bayelsa,Yenogoa,9,,,"200,963,599",0.0045,
NGA19-6-8-1,8 Jun,2019,Bayelsa,Ogbia,7,,,"200,963,599",0.0035,
NGA19-6-10-1,10 Jun,2019,,,86,1,1.163,"200,963,599",0.0428,0.0005
NGA19-6-10-1,10 Jun,2019,Abia,,4,,,"200,963,599",0.0020,
NGA19-6-10-1,10 Jun,2019,Adamawa,,28,,,"200,963,599",0.0139,
NGA19-6-10-1,10 Jun,2019,Kano,,18,,,"200,963,599",0.0090,
NGA19-6-10-1,10 Jun,2019,Katsina,,36,,,"200,963,599",0.0179,
NGA19-6-17-1,17 Jun,2019,,,75,0,0.000,"200,963,599",0.0373,
NGA19-6-17-1,17 Jun,2019,Abia,,5,,,"200,963,599",0.0025,
NGA19-6-17-1,17 Jun,2019,Adamawa,,55,,,"200,963,599",0.0274,
NGA19-6-17-1,17 Jun,2019,Borno,,2,,,"200,963,599",0.0010,
NGA19-6-17-1,17 Jun,2019,Katsina,,13,,,"200,963,599",0.0065,
NGA19-6-18-1,18 Jun,2019,Adamawa,,91,1,1.099,"200,963,599",0.0453,0.0005
NGA19-6-18-1,18 Jun,2019,Adamawa,Yola North,57,1,1.754,"200,963,599",0.0284,0.0005
NGA19-6-18-1,18 Jun,2019,Adamawa,Yola South ,1,0,0.000,"200,963,599",0.0005,
NGA19-6-18-1,18 Jun,2019,Adamawa,Girei,33,0,0.000,"200,963,599",0.0164,
NGA19-6-22-1,22 Jun,2019,Adamawa,,28,,,"200,963,599",0.0139,
NGA19-6-22-1,22 Jun,2019,Abia,,4,,,"200,963,599",0.0020,
NGA19-6-22-1,22 Jun,2019,Kano,,18,,,"200,963,599",0.0090,
NGA19-6-22-1,22 Jun,2019,Katsina,,36,,,"200,963,599",0.0179,
NGA19-6-24-1,24 Jun,2019,,,64,1,1.563,"200,963,599",0.0318,0.0005
NGA19-6-24-1,24 Jun,2019,Adamawa,,40,,,"200,963,599",0.0199,
NGA19-6-24-1,24 Jun,2019,Katsina,,24,,,"200,963,599",0.0119,
NGA19-7-1-1,1 Jul,2019,,,82,1,1.220,"200,963,599",0.0408,0.0005
NGA19-7-1-1,1 Jul,2019,Adamawa,,60,,,"200,963,599",0.0299,
NGA19-7-1-1,1 Jul,2019,Bauchi,,2,,,"200,963,599",0.0010,
NGA19-7-1-1,1 Jul,2019,Katsina,,20,,,"200,963,599",0.0100,
NGA19-7-8-1,8 Jul,2019,,,114,0,0.000,"200,963,599",0.0567,
NGA19-7-8-1,8 Jul,2019,Adamawa,,63,,,"200,963,599",0.0313,
NGA19-7-8-1,8 Jul,2019,Adamawa,Girei,15,,,"200,963,599",0.0075,
NGA19-7-8-1,8 Jul,2019,Adamawa,Yola North,7,,,"200,963,599",0.0035,
NGA19-7-8-1,8 Jul,2019,Adamawa,Yola South ,18,,,"200,963,599",0.0090,
NGA19-7-8-1,8 Jul,2019,Borno,,48,,,"200,963,599",0.0239,
NGA19-7-8-1,8 Jul,2019,Kano,,3,,,"200,963,599",0.0015,
NGA19-7-15-1,15 Jul,2019,,,225,2,0.889,"200,963,599",0.1120,0.0010
NGA19-7-15-1,15 Jul,2019,Abia,,1,,,"200,963,599",0.0005,
NGA19-7-15-1,15 Jul,2019,Adamawa,,94,,,"200,963,599",0.0468,
NGA19-7-15-1,15 Jul,2019,Bayelsa,,1,,,"200,963,599",0.0005,
NGA19-7-15-1,15 Jul,2019,Borno,,124,,,"200,963,599",0.0617,
NGA19-7-15-1,15 Jul,2019,Katsina,,5,,,"200,963,599",0.0025,
NGA19-7-22-1,22 Jul,2019,,,192,0,0.000,"200,963,599",0.0955,
NGA19-7-22-1,22 Jul,2019,Adamawa,,75,,,"200,963,599",0.0373,
NGA19-7-22-1,22 Jul,2019,Borno,,104,,,"200,963,599",0.0518,
NGA19-7-22-1,22 Jul,2019,Kano,,2,,,"200,963,599",0.0010,
NGA19-7-22-1,22 Jul,2019,Katsina,,11,,,"200,963,599",0.0055,
NGA19-7-29-1,29 Jul,2019,Adamawa,,83,0,0.000,"200,963,599",0.0413,
NGA19-8-1-1,1 Aug,2019,Adamawa,,665,4,0.602,"200,963,599",0.3309,0.0020
NGA19-8-5-1,5 Aug,2019,Adamawa,,72,0,0.000,"200,963,599",0.0358,
NGA19-8-12-1,12 Aug,2019,,,57,0,0.000,"200,963,599",0.0284,
NGA19-8-12-1,12 Aug,2019,Adamawa,,55,,,"200,963,599",0.0274,
NGA19-8-12-1,12 Aug,2019,Katsina,,2,,,"200,963,599",0.0010,
NGA19-8-19-1,19 Aug,2019,Adamawa,,49,0,0.000,"200,963,599",0.0244,
NGA19-8-19-1,19 Aug,2019,Adamawa,Girie,6,,,"200,963,599",0.0030,
NGA19-8-19-1,19 Aug,2019,Adamawa,Yola North,34,,,"200,963,599",0.0169,
NGA19-8-19-1,19 Aug,2019,Adamawa,Yola South ,9,,,"200,963,599",0.0045,
NGA19-8-26-1,26 Aug,2019,,,33,0,0.000,"200,963,599",0.0164,
NGA19-8-26-1,26 Aug,2019,Adamawa,,24,,,"200,963,599",0.0119,
NGA19-8-26-1,26 Aug,2019,Borno,,9,,,"200,963,599",0.0045,
NGA19-9-2-1,2 Sep,2019,,,36,0,0.000,"200,963,599",0.0179,
NGA19-9-2-1,2 Sep,2019,Adamawa,,25,,,"200,963,599",0.0124,
NGA19-9-2-1,2 Sep,2019,Bayelsa,,3,,,"200,963,599",0.0015,
NGA19-9-2-1,2 Sep,2019,Borno,,8,,,"200,963,599",0.0040,
NGA19-9-9-1,9 Sep,2019,,,21,0,0.000,"200,963,599",0.0104,
NGA19-9-9-1,9 Sep,2019,Adamawa,,20,,,"200,963,599",0.0100,
NGA19-9-9-1,9 Sep,2019,Borno,,1,,,"200,963,599",0.0005,
NGA19-9-15-1,15 Sep,2019,Adamawa,,757,4,0.528,"200,963,599",0.3767,0.0020
NGA19-9-16-1,16 Sep,2019,,,32,0,0.000,"200,963,599",0.0159,
NGA19-9-16-1,16 Sep,2019,Adamawa,,21,,,"200,963,599",0.0104,
NGA19-9-16-1,16 Sep,2019,Borno,,11,,,"200,963,599",0.0055,
NGA19-9-23-1,23 Sep,2019,,,31,0,0.000,"200,963,599",0.0154,
NGA19-9-23-1,23 Sep,2019,Adamawa,,10,,,"200,963,599",0.0050,
NGA19-9-23-1,23 Sep,2019,Borno,,21,,,"200,963,599",0.0104,
NGA19-9-30-1,30 Sep,2019,,,24,0,0.000,"200,963,599",0.0119,
NGA19-9-30-1,30 Sep,2019,Adamawa,,1,,,"200,963,599",0.0005,
NGA19-9-30-1,30 Sep,2019,Borno,,23,,,"200,963,599",0.0114,
NGA19-10-7-1,7 Oct,2019,,,15,0,0.000,"200,963,599",0.0075,
NGA19-10-7-1,7 Oct,2019,Adamawa,,7,,,"200,963,599",0.0035,
NGA19-10-7-1,7 Oct,2019,Borno,,8,,,"200,963,599",0.0040,
NGA19-10-14-1,14 Oct,2019,,,23,0,0.000,"200,963,599",0.0114,
NGA19-10-14-1,14 Oct,2019,Abia,,1,,,"200,963,599",0.0005,
NGA19-10-14-1,14 Oct,2019,Adamawa,,11,,,"200,963,599",0.0055,
NGA19-10-14-1,14 Oct,2019,Borno,,11,,,"200,963,599",0.0055,
NGA19-10-21-1,21 Oct,2019,,,25,0,0.000,"200,963,599",0.0124,
NGA19-10-21-1,21 Oct,2019,Abia,,1,,,"200,963,599",0.0005,
NGA19-10-21-1,21 Oct,2019,Adamawa,,7,,,"200,963,599",0.0035,
NGA19-10-21-1,21 Oct,2019,Borno,,16,,,"200,963,599",0.0080,
NGA19-10-21-1,21 Oct,2019,Lagos,,1,,,"200,963,599",0.0005,
NGA19-10-26-1,26 Oct,2019,Adamawa,,787,4,0.508,"200,963,599",0.3916,0.0020
NGA19-10-26-1,26 Oct,2019,Adamawa,Yola North,481,2,0.416,"200,963,599",0.2393,0.0010
NGA19-10-26-1,26 Oct,2019,Adamawa,Girei,193,1,0.518,"200,963,599",0.0960,0.0005
NGA19-10-26-1,26 Oct,2019,Adamawa,Yola South ,112,1,0.893,"200,963,599",0.0557,0.0005
NGA19-10-26-1,26 Oct,2019,Adamawa,Song,1,0,0.000,"200,963,599",0.0005,
NGA19-10-26-2,26 Oct,2019,Borno,,11,,,"200,963,599",0.0055,
NGA19-10-26-2,26 Oct,2019,Adamawa,,11,,,"200,963,599",0.0055,
NGA19-10-26-2,26 Oct,2019,Abia,,1,,,"200,963,599",0.0005,
NGA19-10-28-1,28 Oct,2019,Adamawa,,5,0,0.000,"200,963,599",0.0025,
NGA19-11-4-1,4 Nov,2019,,,33,0,0.000,"200,963,599",0.0164,
NGA19-11-11-1,11 Nov,2019,,,34,0,0.000,"200,963,599",0.0169,
NGA19-11-11-1,11 Nov,2019,Abia,,1,,,"200,963,599",0.0005,
NGA19-11-11-1,11 Nov,2019,Adamawa,,8,,,"200,963,599",0.0040,
NGA19-11-11-1,11 Nov,2019,Borno,,4,,,"200,963,599",0.0020,
NGA19-11-11-1,11 Nov,2019,Lagos,,21,,,"200,963,599",0.0104,
NGA19-11-18-1,18 Nov,2019,,,4,0,0.000,"200,963,599",0.0020,
NGA19-11-18-1,18 Nov,2019,Abia,,1,,0.000,"200,963,599",0.0005,
NGA19-11-18-1,18 Nov,2019,Adamawa,,3,,0.000,"200,963,599",0.0015,
NGA19-11-25-1,25 Nov,2019,,,14,1,7.143,"200,963,599",0.0070,0.0005
NGA19-11-25-1,25 Nov,2019,Adamawa,,5,,,"200,963,599",0.0025,
NGA19-11-25-1,25 Nov,2019,Borno,,2,,,"200,963,599",0.0010,
NGA19-11-25-1,25 Nov,2019,Ogun,,7,,,"200,963,599",0.0035,
NGA19-12-2-1,2 Dec,2019,,,60,11,18.333,"200,963,599",0.0299,0.0055
NGA19-12-2-1,2 Dec,2019,Adamawa,,2,,,"200,963,599",0.0010,
NGA19-12-2-1,2 Dec,2019,Ogun,,2,,,"200,963,599",0.0010,
NGA19-12-2-1,2 Dec,2019,Rivers,,56,,,"200,963,599",0.0279,
NGA19-12-9-1,9 Dec,2019,Ogun,Abeokuta North,5,0,0.000,"200,963,599",0.0025,
NGA19-12-23-1,23 Dec,2019,,,9,0,0.000,"200,963,599",0.0045,
NGA19-12-23-1,23 Dec,2019,Adamawa,,5,,,"200,963,599",0.0025,
NGA19-12-23-1,23 Dec,2019,Kaduna,,4,,,"200,963,599",0.0020,
NGA19-12-30-1,30 Dec,2019,,,33,2,6.061,"200,963,599",0.0164,0.0010
NGA19-12-30-1,30 Dec,2019,Bayelsa,,25,,,"200,963,599",0.0124,
NGA19-12-30-1,30 Dec,2019,Kebbi,,8,,,"200,963,599",0.0040,
NGA20-1-6-1,6 Jan,2020,,,19,4,21.053,"206,139,589",0.0092,0.0019
NGA20-1-6-1,6 Jan,2020,Bayelsa,,3,,,"206,139,589",0.0015,
NGA20-1-6-1,6 Jan,2020,Ebonyi,,5,,,"206,139,589",0.0024,
NGA20-1-6-1,6 Jan,2020,Kebbi,,11,,,"206,139,589",0.0053,
NGA20-1-13-1,13 Jan,2020,,,20,0,0.000,"206,139,589",0.0097,
NGA20-1-13-1,13 Jan,2020,Bayelsa,,17,,,"206,139,589",0.0082,
NGA20-1-13-1,13 Jan,2020,Kebbi,,2,,,"206,139,589",0.0010,
NGA20-1-13-1,13 Jan,2020,Ogun,,1,,,"206,139,589",0.0005,
NGA20-1-20-1,20 Jan,2020,,,74,4,5.405,"206,139,589",0.0359,0.0019
NGA20-1-20-1,20 Jan,2020,Bayelsa,,3,,,"206,139,589",0.0015,
NGA20-1-20-1,20 Jan,2020,Ebonyi,,69,,,"206,139,589",0.0335,
NGA20-1-20-1,20 Jan,2020,Kebbi,,2,,,"206,139,589",0.0010,
NGA20-1-27-1,27 Jan,2020,Ebonyi,,198,8,4.040,"206,139,589",0.0961,0.0039
NGA20-1-27-1,27 Jan,2020,Ebonyi,Abakaliki,105,,,"206,139,589",0.0509,
NGA20-1-27-1,27 Jan,2020,Ebonyi,Ebonyi,12,,,"206,139,589",0.0058,
NGA20-1-27-1,27 Jan,2020,Ebonyi,Ivo,48,,,"206,139,589",0.0233,
NGA20-1-27-1,27 Jan,2020,Ebonyi,Ohaukwu,18,,,"206,139,589",0.0087,
NGA20-1-27-1,27 Jan,2020,Ebonyi,Onicha,15,,,"206,139,589",0.0073,
NGA20-2-3-1,3 Feb,2020,Ebonyi,,257,4,1.556,"206,139,589",0.1247,0.0019
NGA20-2-3-1,3 Feb,2020,Ebonyi,Abakaliki,61,,,"206,139,589",0.0296,
NGA20-2-3-1,3 Feb,2020,Ebonyi,Afikpo North,82,,,"206,139,589",0.0398,
NGA20-2-3-1,3 Feb,2020,Ebonyi,Ezza South,2,,,"206,139,589",0.0010,
NGA20-2-3-1,3 Feb,2020,Ebonyi,Ivo,66,,,"206,139,589",0.0320,
NGA20-2-3-1,3 Feb,2020,Ebonyi,Izzi,44,,,"206,139,589",0.0213,
NGA20-2-3-1,3 Feb,2020,Ebonyi,Ohaukwu,2,,,"206,139,589",0.0010,
NGA20-2-17-1,17 Feb,2020,Anambra,,1,0,0.000,"206,139,589",0.0005,
NGA20-3-9-1,9 Mar,2020,Abia,Isiala-Ngwa North,7,0,0.000,"206,139,589",0.0034,
NGA20-3-13-1,13 Mar,2020,,,6,0,0.000,"206,139,589",0.0029,
NGA20-3-13-1,13 Mar,2020,Kano,,4,,,"206,139,589",0.0019,
NGA20-3-13-1,13 Mar,2020,Katsina,,1,,,"206,139,589",0.0005,
NGA20-3-13-1,13 Mar,2020,Kogi,,1,,,"206,139,589",0.0005,
NGA20-3-30-1,30 Mar,2020,Katsina,Katsina,7,0,0.000,"206,139,589",0.0034,
NGA20-4-20-1,20 Apr,2020,,,97,14,14.433,"206,139,589",0.0471,0.0068
NGA20-4-20-1,20 Apr,2020,Ebonyi,,87,,,"206,139,589",0.0422,
NGA20-4-20-1,20 Apr,2020,Taraba,,10,,,"206,139,589",0.0049,
NGA20-4-26-1,26 Apr,2020,Ebonyi,,68,1,1.471,"206,139,589",0.0330,0.0005
NGA20-5-4-1,4 May,2020,Kebbi,Augie,1,0,0.000,"206,139,589",0.0005,
NGA20-5-18-1,18 May,2020,Kaduna,,1,0,0.000,"206,139,589",0.0005,
NGA20-6-21-1,21 Jun,2020,Bayelsa,,,5,,"206,139,589",0.0000,0.0024
NGA20-6-22-1,22 Jun,2020,,,9,0,0.000,"206,139,589",0.0044,
NGA20-6-22-1,22 Jun,2020,Bauchi,,7,,,"206,139,589",0.0034,
NGA20-6-22-1,22 Jun,2020,Borno,,2,,,"206,139,589",0.0010,
NGA20-6-29-1,29 Jun,2020,Bauchi,Zaki,10,0,0.000,"206,139,589",0.0049,
NGA20-7-6-1,6 Jul,2020,,,2,0,0.000,"206,139,589",0.0010,
NGA20-7-6-1,6 Jul,2020,Bayelsa,,1,,,"206,139,589",0.0005,
NGA20-7-6-1,6 Jul,2020,Kaduna,,1,,,"206,139,589",0.0005,
NGA20-7-13-1,13 Jul,2020,,,22,0,0.000,"206,139,589",0.0107,
NGA20-7-13-1,13 Jul,2020,Ebonyi,,19,,,"206,139,589",0.0092,
NGA20-7-13-1,13 Jul,2020,Lagos,,3,,,"206,139,589",0.0015,
NGA20-7-20-1,20 Jul,2020,,,38,3,7.895,"206,139,589",0.0184,0.0015
NGA20-7-20-1,20 Jul,2020,Borno,,2,,,"206,139,589",0.0010,
NGA20-7-20-1,20 Jul,2020,Kebbi,,36,,,"206,139,589",0.0175,
NGA20-7-27-1,27 Jul,2020,,,12,1,8.333,"206,139,589",0.0058,0.0005
NGA20-7-27-1,27 Jul,2020,Borno,,2,,,"206,139,589",0.0010,
NGA20-7-27-1,27 Jul,2020,Kebbi,,8,,,"206,139,589",0.0039,
NGA20-7-27-1,27 Jul,2020,Lagos,,2,,,"206,139,589",0.0010,
NGA20-8-3-1,3 Aug,2020,,,21,0,0.000,"206,139,589",0.0102,
NGA20-8-3-1,3 Aug,2020,Borno,,1,,,"206,139,589",0.0005,
NGA20-8-3-1,3 Aug,2020,Kebbi,,20,,,"206,139,589",0.0097,
NGA20-8-10-1,10 Aug,2020,,,10,0,0.000,"206,139,589",0.0049,
NGA20-8-10-1,10 Aug,2020,Borno,,1,,,"206,139,589",0.0005,
NGA20-8-10-1,10 Aug,2020,Kebbi,,9,,,"206,139,589",0.0044,
NGA20-8-17-1,17 Aug,2020,,,5,0,0.000,"206,139,589",0.0024,
NGA20-8-17-1,17 Aug,2020,Bauchi,,1,,,"206,139,589",0.0005,
NGA20-8-17-1,17 Aug,2020,Kebbi,,4,,,"206,139,589",0.0019,
NGA20-8-24-1,24 Aug,2020,,,9,0,0.000,"206,139,589",0.0044,
NGA20-8-24-1,24 Aug,2020,Bauchi,,1,,,"206,139,589",0.0005,
NGA20-8-24-1,24 Aug,2020,Kebbi,,8,,,"206,139,589",0.0039,
NGA20-8-31-1,31 Aug,2020,,,20,2,10.000,"206,139,589",0.0097,0.0010
NGA20-8-31-1,31 Aug,2020,Bauchi,,1,,,"206,139,589",0.0005,
NGA20-8-31-1,31 Aug,2020,Borno,,7,,,"206,139,589",0.0034,
NGA20-8-31-1,31 Aug,2020,Kebbi,,12,,,"206,139,589",0.0058,
NGA20-9-7-1,7 Sep,2020,Kano,Madobi,3,1,33.333,"206,139,589",0.0015,0.0005
NGA20-9-14-1,14 Sep,2020,Kebbi,,21,1,4.762,"206,139,589",0.0102,0.0005
NGA20-9-14-1,14 Sep,2020,Kebbi,Bagudo,9,,,"206,139,589",0.0044,
NGA20-9-14-1,14 Sep,2020,Kebbi,Sakaba,12,,,"206,139,589",0.0058,
NGA20-9-21-1,21 Sep,2020,Katsina,Bakori,1,0,0.000,"206,139,589",0.0005,
NGA20-10-12-1,12 Oct,2020,,,103,11,10.680,"206,139,589",0.0500,0.0053
NGA20-10-12-1,12 Oct,2020,Bauchi,,13,,,"206,139,589",0.0063,
NGA20-10-12-1,12 Oct,2020,Enugu,,1,,,"206,139,589",0.0005,
NGA20-10-12-1,12 Oct,2020,Kebbi,,86,,,"206,139,589",0.0417,
NGA20-10-12-1,12 Oct,2020,Sokoto,,3,,,"206,139,589",0.0015,
NGA20-10-19-1,19 Oct,2020,,,48,0,0.000,"206,139,589",0.0233,
NGA20-10-19-1,19 Oct,2020,Bayelsa,,1,,,"206,139,589",0.0005,
NGA20-10-19-1,19 Oct,2020,Kebbi,,1,,,"206,139,589",0.0005,
NGA20-10-19-1,19 Oct,2020,Kwara,,1,,,"206,139,589",0.0005,
NGA20-10-19-1,19 Oct,2020,Ondo,,3,,,"206,139,589",0.0015,
NGA20-10-19-1,19 Oct,2020,Sokoto,,42,,,"206,139,589",0.0204,